"text","favorited","favoriteCount","replyToSN","created","truncated","replyToSID","id","replyToUID","statusSource","screenName","retweetCount","isRetweet","retweeted","longitude","latitude"
"Poloz is ired of forward guidance, wants markets o be uncertain h ps://t.co/EmJvtmZbJb",FALSE,3,NA,2017-12-17 17:14:17,FALSE,NA,942442838914105344,NA,"<a href=""http://www.forexlive.com"" rel=""nofollow"">ForexLive Tweets</a>","ForexLive",1,FALSE,FALSE,NA,NA
"Senate Republican Cornyn: ""I am confiden will pass his bill, probably on Tuesday."" h ps://t.co/7Jpwu15JAV",FALSE,8,NA,2017-12-17 16:42:28,FALSE,NA,942434834797928448,NA,"<a href=""http://www.forexlive.com"" rel=""nofollow"">ForexLive Tweets</a>","ForexLive",6,FALSE,FALSE,NA,NA
"New Austria government: You can have referendums, bu no on EU membership h ps://t.co/hSEBJt3POq",FALSE,3,NA,2017-12-16 22:51:07,FALSE,NA,942165219375304704,NA,"<a href=""http://www.forexlive.com"" rel=""nofollow"">ForexLive Tweets</a>","ForexLive",2,FALSE,FALSE,NA,NA
"CSX CEO Hunter Harrison dies h ps://t.co/kjtfhomCnE",FALSE,3,NA,2017-12-16 22:45:18,FALSE,NA,942163754967592960,NA,"<a href=""http://www.forexlive.com"" rel=""nofollow"">ForexLive Tweets</a>","ForexLive",2,FALSE,FALSE,NA,NA
"Forexlive America FX news wrap: Tax reform votes star o line up h ps://t.co/3FGI73WUea",FALSE,5,NA,2017-12-15 22:06:09,FALSE,NA,941791516061786112,NA,"<a href=""http://www.forexlive.com"" rel=""nofollow"">ForexLive Tweets</a>","ForexLive",3,FALSE,FALSE,NA,NA
"US stocks end he session with strong gains. Record closes for he all he indices h ps://t.co/mP3Hg7jc6o",FALSE,2,NA,2017-12-15 21:09:33,FALSE,NA,941777270955499520,NA,"<a href=""http://www.forexlive.com"" rel=""nofollow"">ForexLive Tweets</a>","ForexLive",4,FALSE,FALSE,NA,NA
"CFTC commitmen of raders: EUR longs he highes since May 2007 h ps://t.co/xhB4wrFFI4",FALSE,8,NA,2017-12-15 20:46:51,FALSE,NA,941771558577680384,NA,"<a href=""http://www.forexlive.com"" rel=""nofollow"">ForexLive Tweets</a>","ForexLive",2,FALSE,FALSE,NA,NA
"Republican Senator Corker o vote ""Yes"" for he ax bill h ps://t.co/gW03vjO7JL",FALSE,0,NA,2017-12-15 20:29:41,FALSE,NA,941767236490072064,NA,"<a href=""http://www.forexlive.com"" rel=""nofollow"">ForexLive Tweets</a>","ForexLive",1,FALSE,FALSE,NA,NA
"It's Friday, ha means he commitmen of raders repor will be coming ou h ps://t.co/oZdqb0ByaJ",FALSE,2,NA,2017-12-15 20:25:07,FALSE,NA,941766088680984576,NA,"<a href=""http://www.forexlive.com"" rel=""nofollow"">ForexLive Tweets</a>","ForexLive",1,FALSE,FALSE,NA,NA
"Marco Rubio confirms he will suppor ax bill h ps://t.co/5WXPexa2Nk",FALSE,4,NA,2017-12-15 19:40:12,FALSE,NA,941754785304375296,NA,"<a href=""http://www.forexlive.com"" rel=""nofollow"">ForexLive Tweets</a>","ForexLive",3,FALSE,FALSE,NA,NA
"How o create shareholder value in he bitcoin mania h ps://t.co/HxvmyFNalz h ps://t.co/iOflKg3DeQ",FALSE,12,NA,2017-12-15 18:54:31,FALSE,NA,941743290625470464,NA,"<a href=""https://about.twitter.com/products/tweetdeck"" rel=""nofollow"">TweetDeck</a>","ForexLive",5,FALSE,FALSE,NA,NA
"@prtscn I hink you're onto something here",FALSE,1,"prtscn",2017-12-15 18:38:39,FALSE,941703945881190400,941739297304084480,21519259,"<a href=""https://about.twitter.com/products/tweetdeck"" rel=""nofollow"">TweetDeck</a>","ForexLive",0,FALSE,FALSE,NA,NA
"USD/CAD erases Thursday's decline. What's nex h ps://t.co/9LdOpctKwA",FALSE,2,NA,2017-12-15 18:20:54,FALSE,NA,941734827920973824,NA,"<a href=""http://www.forexlive.com"" rel=""nofollow"">ForexLive Tweets</a>","ForexLive",0,FALSE,FALSE,NA,NA
"EURUSD makes a run a he lows/swing area h ps://t.co/ztz8dBiSyi",FALSE,2,NA,2017-12-15 18:08:32,FALSE,NA,941731718444265472,NA,"<a href=""http://www.forexlive.com"" rel=""nofollow"">ForexLive Tweets</a>","ForexLive",1,FALSE,FALSE,NA,NA
"Baker Hughes US oil rig coun 747 vs 751 prior h ps://t.co/PweBDZko65",FALSE,0,NA,2017-12-15 18:00:59,FALSE,NA,941729818663620608,NA,"<a href=""http://www.forexlive.com"" rel=""nofollow"">ForexLive Tweets</a>","ForexLive",1,FALSE,FALSE,NA,NA
"No single rading strategy dominated 2017 - Credi Agricole h ps://t.co/H1KXmaH0hE",FALSE,0,NA,2017-12-15 17:50:48,FALSE,NA,941727256266903552,NA,"<a href=""http://www.forexlive.com"" rel=""nofollow"">ForexLive Tweets</a>","ForexLive",0,FALSE,FALSE,NA,NA
"This week in FX was all abou he Australian and New Zealand dollars h ps://t.co/V6WtBNjfbn",FALSE,2,NA,2017-12-15 17:08:15,FALSE,NA,941716546296209408,NA,"<a href=""http://www.forexlive.com"" rel=""nofollow"">ForexLive Tweets</a>","ForexLive",0,FALSE,FALSE,NA,NA
"Solid gains in he cards for EUR/USD nex year - ING h ps://t.co/jYFZbTo9Cw",FALSE,1,NA,2017-12-15 16:55:16,FALSE,NA,941713278769692672,NA,"<a href=""http://www.forexlive.com"" rel=""nofollow"">ForexLive Tweets</a>","ForexLive",0,FALSE,FALSE,NA,NA
"The Nasdaq composite index has reached a new record high h ps://t.co/mKm9OotUCz",FALSE,0,NA,2017-12-15 16:51:50,FALSE,NA,941712416550871040,NA,"<a href=""http://www.forexlive.com"" rel=""nofollow"">ForexLive Tweets</a>","ForexLive",1,FALSE,FALSE,NA,NA
"Mixed finish for European stock markets h ps://t.co/GEEGvEU6Ew",FALSE,1,NA,2017-12-15 16:33:17,FALSE,NA,941707747049066496,NA,"<a href=""http://www.forexlive.com"" rel=""nofollow"">ForexLive Tweets</a>","ForexLive",0,FALSE,FALSE,NA,NA
"NY Fed Nowcas GDP estimate up o 4.0% from 3.9% h ps://t.co/D7aUVam50J",FALSE,1,NA,2017-12-15 16:29:00,FALSE,NA,941706669628841984,NA,"<a href=""http://www.forexlive.com"" rel=""nofollow"">ForexLive Tweets</a>","ForexLive",2,FALSE,FALSE,NA,NA
"Forex echnical analysis: GBPUSD falls o new lows into he week end fixing h ps://t.co/K7DtQG2Jxg",FALSE,2,NA,2017-12-15 16:16:13,FALSE,NA,941703452807323648,NA,"<a href=""http://www.forexlive.com"" rel=""nofollow"">ForexLive Tweets</a>","ForexLive",1,FALSE,FALSE,NA,NA
"US ax bill o be released oday: All he lates h ps://t.co/ILm2FIkDH8",FALSE,2,NA,2017-12-15 16:08:59,FALSE,NA,941701631057555456,NA,"<a href=""http://www.forexlive.com"" rel=""nofollow"">ForexLive Tweets</a>","ForexLive",1,FALSE,FALSE,NA,NA
"USDJPY moves higher. Rubio ""Yes"" on ax vote helping h ps://t.co/mOYD9WsDt4",FALSE,10,NA,2017-12-15 15:25:06,FALSE,NA,941690588847640576,NA,"<a href=""http://www.forexlive.com"" rel=""nofollow"">ForexLive Tweets</a>","ForexLive",5,FALSE,FALSE,NA,NA
"USD/CAD climbs back above 1.2800 h ps://t.co/oVSZGjiwqi",FALSE,0,NA,2017-12-15 15:08:42,FALSE,NA,941686459110711296,NA,"<a href=""http://www.forexlive.com"" rel=""nofollow"">ForexLive Tweets</a>","ForexLive",0,FALSE,FALSE,NA,NA
"Forex echnical analysis: EURUSD moves back oward lows in up and down day h ps://t.co/AV0DkdfRFi h ps://t.co/jEz0F49YEB",FALSE,1,NA,2017-12-15 15:06:50,FALSE,NA,941685991068221440,NA,"<a href=""https://about.twitter.com/products/tweetdeck"" rel=""nofollow"">TweetDeck</a>","ForexLive",0,FALSE,FALSE,NA,NA
"Chicago Fed Presiden Evans explains his dissen h ps://t.co/1olOrkO9ag h ps://t.co/g2x88eg7eH",FALSE,1,NA,2017-12-15 15:06:14,FALSE,NA,941685837640753152,NA,"<a href=""https://about.twitter.com/products/tweetdeck"" rel=""nofollow"">TweetDeck</a>","ForexLive",1,FALSE,FALSE,NA,NA
"Forex echnical analysis: EURUSD moves back oward lows in up and down day h ps://t.co/HIRh9apnWm",FALSE,1,NA,2017-12-15 15:01:43,FALSE,NA,941684700992737280,NA,"<a href=""http://www.forexlive.com"" rel=""nofollow"">ForexLive Tweets</a>","ForexLive",0,FALSE,FALSE,NA,NA
"@rmclellan333 That's wha she said. It's factual. Maybe she's wrong bu hat's wha she said.",FALSE,0,"rmclellan333",2017-12-15 14:37:37,FALSE,941677742260674560,941678636830220288,704778641918574592,"<a href=""https://about.twitter.com/products/tweetdeck"" rel=""nofollow"">TweetDeck</a>","ForexLive",0,FALSE,FALSE,NA,NA
"US stocks bounce back a he open h ps://t.co/XGp2t0jhTm",FALSE,2,NA,2017-12-15 14:36:37,FALSE,NA,941678387071995904,NA,"<a href=""http://www.forexlive.com"" rel=""nofollow"">ForexLive Tweets</a>","ForexLive",2,FALSE,FALSE,NA,NA
"Forex echnical analysis: GBPUSD umbles o lower rend line. Finding some buyers h ps://t.co/n38Ei54Clv",FALSE,1,NA,2017-12-15 14:26:00,FALSE,NA,941675714893492224,NA,"<a href=""http://www.forexlive.com"" rel=""nofollow"">ForexLive Tweets</a>","ForexLive",0,FALSE,FALSE,NA,NA
"Theresa May: We will leave he EU on March 29, 2019 h ps://t.co/7DJqstXkhQ",FALSE,5,NA,2017-12-15 14:25:23,FALSE,NA,941675560543105024,NA,"<a href=""http://www.forexlive.com"" rel=""nofollow"">ForexLive Tweets</a>","ForexLive",3,FALSE,FALSE,NA,NA
"US November industrial production +0.2% vs +0.3% expected h ps://t.co/goxGyp5GHy",FALSE,1,NA,2017-12-15 14:15:06,FALSE,NA,941672972812738560,NA,"<a href=""http://www.forexlive.com"" rel=""nofollow"">ForexLive Tweets</a>","ForexLive",2,FALSE,FALSE,NA,NA
"It's all abou he cross-currency basis oday h ps://t.co/6ldNZVJSqB h ps://t.co/S4DvCzIh6X",FALSE,12,NA,2017-12-15 14:06:29,FALSE,NA,941670800993775616,NA,"<a href=""https://about.twitter.com/products/tweetdeck"" rel=""nofollow"">TweetDeck</a>","ForexLive",4,FALSE,FALSE,NA,NA
"EURGBP is aking off. Moves above some echnical levels on he surge higher h ps://t.co/Ks3dNVIIg2",FALSE,0,NA,2017-12-15 13:54:36,FALSE,NA,941667810874417152,NA,"<a href=""http://www.forexlive.com"" rel=""nofollow"">ForexLive Tweets</a>","ForexLive",1,FALSE,FALSE,NA,NA
"Canada October manufacturing sales -0.4% vs +1.0% expected h ps://t.co/rsSw6lpGbK",FALSE,0,NA,2017-12-15 13:30:08,FALSE,NA,941661655926272000,NA,"<a href=""http://www.forexlive.com"" rel=""nofollow"">ForexLive Tweets</a>","ForexLive",0,FALSE,FALSE,NA,NA
"US Empire manufacturing for December 18.0 vs. 18.7 estimate h ps://t.co/wiULkCsRop",FALSE,0,NA,2017-12-15 13:30:08,FALSE,NA,941661655154425856,NA,"<a href=""http://www.forexlive.com"" rel=""nofollow"">ForexLive Tweets</a>","ForexLive",0,FALSE,FALSE,NA,NA
"The NZD is he strongest, while he GBP is he weakes as NY rader enter h ps://t.co/rtafnkX0bO h ps://t.co/B2SUN39ABN",FALSE,2,NA,2017-12-15 13:19:21,FALSE,NA,941658939535396864,NA,"<a href=""https://about.twitter.com/products/tweetdeck"" rel=""nofollow"">TweetDeck</a>","ForexLive",1,FALSE,FALSE,NA,NA
"The NZD is he strongest, while he GBP is he weakes as NY rader enter h ps://t.co/A7OwdTHshr",FALSE,2,NA,2017-12-15 13:17:52,FALSE,NA,941658566578114560,NA,"<a href=""http://www.forexlive.com"" rel=""nofollow"">ForexLive Tweets</a>","ForexLive",1,FALSE,FALSE,NA,NA
"Germany's SPD party agrees o star alks on forming gov with conservatives h ps://t.co/8enozRebJl",FALSE,1,NA,2017-12-15 13:17:34,FALSE,NA,941658494737973248,NA,"<a href=""http://www.forexlive.com"" rel=""nofollow"">ForexLive Tweets</a>","ForexLive",0,FALSE,FALSE,NA,NA
"Moody's: Brexi breakthrough is positive, bu more complex alks awai h ps://t.co/BA6TL7XOi3",FALSE,0,NA,2017-12-15 13:16:00,FALSE,NA,941658099370389504,NA,"<a href=""http://www.forexlive.com"" rel=""nofollow"">ForexLive Tweets</a>","ForexLive",0,FALSE,FALSE,NA,NA
"Macron: We need a stable, strong Germany o advance in Europe h ps://t.co/Id7KPVZpk3",FALSE,0,NA,2017-12-15 13:11:04,FALSE,NA,941656855201361920,NA,"<a href=""http://www.forexlive.com"" rel=""nofollow"">ForexLive Tweets</a>","ForexLive",0,FALSE,FALSE,NA,NA
"Merkel: Draghi old EU leaders ha Eurozone economy is in very good shape h ps://t.co/JK24dADEEO",FALSE,0,NA,2017-12-15 12:53:49,FALSE,NA,941652517708058624,NA,"<a href=""http://www.forexlive.com"" rel=""nofollow"">ForexLive Tweets</a>","ForexLive",0,FALSE,FALSE,NA,NA
"Italy PM Gentiloni: Second phase of Brexi alks ""very complicated"" h ps://t.co/R6HUrOONFt",FALSE,3,NA,2017-12-15 12:45:43,FALSE,NA,941650477128802304,NA,"<a href=""http://www.forexlive.com"" rel=""nofollow"">ForexLive Tweets</a>","ForexLive",0,FALSE,FALSE,NA,NA
"UK PM May: We will secure he greates possible access o European markets h ps://t.co/9vk6EQHwgP",FALSE,3,NA,2017-12-15 12:28:40,FALSE,NA,941646185642815488,NA,"<a href=""http://www.forexlive.com"" rel=""nofollow"">ForexLive Tweets</a>","ForexLive",1,FALSE,FALSE,NA,NA
"ForexLive European FX news wrap: Tax woes weigh on he USD, while GBP slips ahead of Brexi rade alks h ps://t.co/NEt6bb09FA",FALSE,0,NA,2017-12-15 12:25:04,FALSE,NA,941645281145294848,NA,"<a href=""http://www.forexlive.com"" rel=""nofollow"">ForexLive Tweets</a>","ForexLive",1,FALSE,FALSE,NA,NA
"BOE Q4 2017 quarterly bulletin says Brexi is still influencing household outlook h ps://t.co/fPgm27G1Xb",FALSE,0,NA,2017-12-15 12:01:49,FALSE,NA,941639429642440704,NA,"<a href=""http://www.forexlive.com"" rel=""nofollow"">ForexLive Tweets</a>","ForexLive",0,FALSE,FALSE,NA,NA
"EU summi press conference due a 1200 GMT h ps://t.co/pHuVZdUSrG",FALSE,1,NA,2017-12-15 11:55:37,FALSE,NA,941637867473981440,NA,"<a href=""http://www.forexlive.com"" rel=""nofollow"">ForexLive Tweets</a>","ForexLive",1,FALSE,FALSE,NA,NA
"Bitcoin continues its surge o record highs h ps://t.co/9W8qGBYXYZ",FALSE,2,NA,2017-12-15 11:51:13,FALSE,NA,941636761154916352,NA,"<a href=""http://www.forexlive.com"" rel=""nofollow"">ForexLive Tweets</a>","ForexLive",2,FALSE,FALSE,NA,NA
"EU's Tusk: EU leaders formally approve second phase of Brexi alks h ps://t.co/RvBhoSJvvG",FALSE,1,NA,2017-12-15 11:28:18,FALSE,NA,941630993383018496,NA,"<a href=""http://www.forexlive.com"" rel=""nofollow"">ForexLive Tweets</a>","ForexLive",3,FALSE,FALSE,NA,NA
"Schulz: Recommends ha SDP begin exploratory alks with Merkel on forming coalition h ps://t.co/XgjVOoFPj4",FALSE,0,NA,2017-12-15 11:20:58,FALSE,NA,941629149034184704,NA,"<a href=""http://www.forexlive.com"" rel=""nofollow"">ForexLive Tweets</a>","ForexLive",0,FALSE,FALSE,NA,NA
"UK PM spokesman Blain: Gov has no plans o remove exi date in EU withdrawal bill h ps://t.co/YJR1gZwXIZ",FALSE,2,NA,2017-12-15 11:11:11,FALSE,NA,941626685371318272,NA,"<a href=""http://www.forexlive.com"" rel=""nofollow"">ForexLive Tweets</a>","ForexLive",2,FALSE,FALSE,NA,NA
"Quick snapsho on he major currencies bloc so far oday h ps://t.co/yoxpUd7hta",FALSE,0,NA,2017-12-15 11:06:25,FALSE,NA,941625485997625344,NA,"<a href=""http://www.forexlive.com"" rel=""nofollow"">ForexLive Tweets</a>","ForexLive",0,FALSE,FALSE,NA,NA
"FX option expiries - 15 Dec 2017 h ps://t.co/tR1LbZqUej",FALSE,3,NA,2017-12-15 10:21:16,FALSE,NA,941614125590904832,NA,"<a href=""http://www.forexlive.com"" rel=""nofollow"">ForexLive Tweets</a>","ForexLive",0,FALSE,FALSE,NA,NA
"Eurozone October rade balance EUR 19.0bn vs EUR 24.3bn expected h ps://t.co/VX1Sbt94iu",FALSE,0,NA,2017-12-15 10:00:21,FALSE,NA,941608863199002624,NA,"<a href=""http://www.forexlive.com"" rel=""nofollow"">ForexLive Tweets</a>","ForexLive",0,FALSE,FALSE,NA,NA
"More from Nowotny: No possibility o expand corporate bond purchases h ps://t.co/V3hB2OzYky",FALSE,0,NA,2017-12-15 09:56:26,FALSE,NA,941607877789315072,NA,"<a href=""http://www.forexlive.com"" rel=""nofollow"">ForexLive Tweets</a>","ForexLive",1,FALSE,FALSE,NA,NA
"USD/CAD ouches session lows as dollar remains plagued by ax bill uncertainties h ps://t.co/mVPR8Zc7Qb",FALSE,0,NA,2017-12-15 09:41:46,FALSE,NA,941604185140842496,NA,"<a href=""http://www.forexlive.com"" rel=""nofollow"">ForexLive Tweets</a>","ForexLive",0,FALSE,FALSE,NA,NA
"ECB's Nowotny: ECB should look hrough oil-price impac on inflation h ps://t.co/fMMidLQnmb",FALSE,2,NA,2017-12-15 09:14:03,FALSE,NA,941597208809533440,NA,"<a href=""http://www.forexlive.com"" rel=""nofollow"">ForexLive Tweets</a>","ForexLive",1,FALSE,FALSE,NA,NA
"Bank of Spain estimates GDP grew 3.1% in 2017 h ps://t.co/pKffRMxvAw",FALSE,3,NA,2017-12-15 09:08:19,FALSE,NA,941595768158412800,NA,"<a href=""http://www.forexlive.com"" rel=""nofollow"">ForexLive Tweets</a>","ForexLive",1,FALSE,FALSE,NA,NA
"JP Morgan sees he SP500 hi ing he 3,000 mark in 2018 h ps://t.co/kW3qrUHNKo",FALSE,1,NA,2017-12-15 08:53:45,FALSE,NA,941592099870445568,NA,"<a href=""http://www.forexlive.com"" rel=""nofollow"">ForexLive Tweets</a>","ForexLive",2,FALSE,FALSE,NA,NA
"USD/JPY falls o session lows, suppor levels nearby h ps://t.co/kgU6exYaXK",FALSE,4,NA,2017-12-15 08:24:13,FALSE,NA,941584668163559424,NA,"<a href=""http://www.forexlive.com"" rel=""nofollow"">ForexLive Tweets</a>","ForexLive",0,FALSE,FALSE,NA,NA
"European equities open softer on he day h ps://t.co/h9bbNKCbHy",FALSE,2,NA,2017-12-15 08:08:12,FALSE,NA,941580637038960640,NA,"<a href=""http://www.forexlive.com"" rel=""nofollow"">ForexLive Tweets</a>","ForexLive",1,FALSE,FALSE,NA,NA
"EU's Juncker: European leaders did no discuss Brexi las nigh a dinner h ps://t.co/u2sZlL1DVW",FALSE,0,NA,2017-12-15 08:03:22,FALSE,NA,941579422410395648,NA,"<a href=""http://www.forexlive.com"" rel=""nofollow"">ForexLive Tweets</a>","ForexLive",1,FALSE,FALSE,NA,NA
"Trading ideas for he European session h ps://t.co/SoRtWt8xMo",FALSE,2,NA,2017-12-15 08:01:19,FALSE,NA,941578904409726976,NA,"<a href=""http://www.forexlive.com"" rel=""nofollow"">ForexLive Tweets</a>","ForexLive",0,FALSE,FALSE,NA,NA
"France Q3 final wages q/q +0.3% vs +0.3% prelim h ps://t.co/ULhrCNjzeH",FALSE,0,NA,2017-12-15 07:45:09,FALSE,NA,941574837444718592,NA,"<a href=""http://www.forexlive.com"" rel=""nofollow"">ForexLive Tweets</a>","ForexLive",0,FALSE,FALSE,NA,NA
"Bundesbank: German economy reaching increasingly mature state h ps://t.co/plJlrOqub2",FALSE,1,NA,2017-12-15 07:31:57,FALSE,NA,941571514083823616,NA,"<a href=""http://www.forexlive.com"" rel=""nofollow"">ForexLive Tweets</a>","ForexLive",0,FALSE,FALSE,NA,NA
"Dollar selling resumes as ax bill uncertainty continues o weigh in h ps://t.co/gDw5cGx6zY",FALSE,6,NA,2017-12-15 07:22:27,FALSE,NA,941569125201129472,NA,"<a href=""http://www.forexlive.com"" rel=""nofollow"">ForexLive Tweets</a>","ForexLive",2,FALSE,FALSE,NA,NA
"Eurostoxx futures down -0.3% in early European rading h ps://t.co/2OVTJgtdsx",FALSE,0,NA,2017-12-15 07:03:02,FALSE,NA,941564236903469056,NA,"<a href=""http://www.forexlive.com"" rel=""nofollow"">ForexLive Tweets</a>","ForexLive",0,FALSE,FALSE,NA,NA
"NZD/USD playing ping pong over he las wo days h ps://t.co/JLDonsfp2R",FALSE,1,NA,2017-12-15 06:54:49,FALSE,NA,941562169874927616,NA,"<a href=""http://www.forexlive.com"" rel=""nofollow"">ForexLive Tweets</a>","ForexLive",0,FALSE,FALSE,NA,NA
"US regulators don' rate Bitcoin as a risk o he financial system h ps://t.co/UzRJkRq40q",FALSE,2,NA,2017-12-15 06:33:57,FALSE,NA,941556920418291712,NA,"<a href=""http://www.forexlive.com"" rel=""nofollow"">ForexLive Tweets</a>","ForexLive",1,FALSE,FALSE,NA,NA
"SK's Joo: Virtual currency marke a ""wild horse"" ha needs o be domesticated h ps://t.co/rccwBCGDO7",FALSE,0,NA,2017-12-15 06:08:38,FALSE,NA,941550550109315072,NA,"<a href=""http://www.forexlive.com"" rel=""nofollow"">ForexLive Tweets</a>","ForexLive",0,FALSE,FALSE,NA,NA
"Nikkei 225 closes down -0.62% a 22,553.22 h ps://t.co/XPC4bZUZzH",FALSE,2,NA,2017-12-15 06:02:42,FALSE,NA,941549055712382976,NA,"<a href=""http://www.forexlive.com"" rel=""nofollow"">ForexLive Tweets</a>","ForexLive",3,FALSE,FALSE,NA,NA
"FX option expiries for he 10am NY cu - 15 Dec 2017 h ps://t.co/5ClwysUh4e",FALSE,2,NA,2017-12-15 05:57:59,FALSE,NA,941547868330045440,NA,"<a href=""http://www.forexlive.com"" rel=""nofollow"">ForexLive Tweets</a>","ForexLive",0,FALSE,FALSE,NA,NA
"RBA's Harper: Rates need o stay supportive of he economy h ps://t.co/gyaPRLGAOW",FALSE,1,NA,2017-12-15 05:39:10,FALSE,NA,941543130788253696,NA,"<a href=""http://www.forexlive.com"" rel=""nofollow"">ForexLive Tweets</a>","ForexLive",0,FALSE,FALSE,NA,NA
"Economic data coming up in he European session h ps://t.co/37JgQxqWpL",FALSE,0,NA,2017-12-15 05:31:59,FALSE,NA,941541325870129152,NA,"<a href=""http://www.forexlive.com"" rel=""nofollow"">ForexLive Tweets</a>","ForexLive",0,FALSE,FALSE,NA,NA
"ECB's Vasiliauskas: QE measures implemented are showing results h ps://t.co/Ofa6HXr7fn",FALSE,0,NA,2017-12-15 05:17:40,FALSE,NA,941537721276928000,NA,"<a href=""http://www.forexlive.com"" rel=""nofollow"">ForexLive Tweets</a>","ForexLive",1,FALSE,FALSE,NA,NA
"ForexLive Asia FX news wrap: Small retrace of he ECB move for E/U oday in Asia h ps://t.co/SMwSR5aFv5",FALSE,1,NA,2017-12-15 05:02:28,FALSE,NA,941533895538958336,NA,"<a href=""http://www.forexlive.com"" rel=""nofollow"">ForexLive Tweets</a>","ForexLive",0,FALSE,FALSE,NA,NA
"@kit_lowe Thanks Kit",FALSE,0,"ForexLive",2017-12-15 04:59:53,FALSE,941532365225992192,941533247711862784,19399038,"<a href=""https://about.twitter.com/products/tweetdeck"" rel=""nofollow"">TweetDeck</a>","ForexLive",0,FALSE,FALSE,NA,NA
"@Cessnadriver50 still way below heir inflation arge will be heir argument",FALSE,0,"Cessnadriver50",2017-12-15 04:57:35,FALSE,941530492284952576,941532666582638592,50458145,"<a href=""https://about.twitter.com/products/tweetdeck"" rel=""nofollow"">TweetDeck</a>","ForexLive",0,FALSE,FALSE,NA,NA
"@kit_lowe hanks Ki - I hadn' seen his .... is i in he WSJ/DJ?",FALSE,0,"kit_lowe",2017-12-15 04:56:23,FALSE,941531956906409984,941532365225992192,401294569,"<a href=""https://about.twitter.com/products/tweetdeck"" rel=""nofollow"">TweetDeck</a>","ForexLive",0,FALSE,FALSE,NA,NA
"More on he BOJ Tankan - big manufacturers' sentimen o an 11-year h ps://t.co/z1HZjkoTfH",FALSE,3,NA,2017-12-15 04:12:10,FALSE,NA,941521237003599872,NA,"<a href=""http://www.forexlive.com"" rel=""nofollow"">ForexLive Tweets</a>","ForexLive",1,FALSE,FALSE,NA,NA
"The data of focus for Friday coming up from he US later h ps://t.co/yAExgvA5hi",FALSE,0,NA,2017-12-15 03:56:09,FALSE,NA,941517208982904832,NA,"<a href=""http://www.forexlive.com"" rel=""nofollow"">ForexLive Tweets</a>","ForexLive",1,FALSE,FALSE,NA,NA
"OK, here we go, more on ""BOJ Tweaks Message as Dissenter Calls for More Easing"" h ps://t.co/Iee1aZDgZ3",FALSE,0,NA,2017-12-15 03:05:58,FALSE,NA,941504578880704512,NA,"<a href=""http://www.forexlive.com"" rel=""nofollow"">ForexLive Tweets</a>","ForexLive",1,FALSE,FALSE,NA,NA
"@DrChrisCaton :-D",FALSE,0,"DrChrisCaton",2017-12-15 02:54:33,FALSE,941501463703961600,941501705136377856,1156815230,"<a href=""https://about.twitter.com/products/tweetdeck"" rel=""nofollow"">TweetDeck</a>","ForexLive",0,FALSE,FALSE,NA,NA
"@DrChrisCaton do you know if hat's he seasonally adjusted or rend?",FALSE,1,"DrChrisCaton",2017-12-15 02:49:50,FALSE,941500363022012416,941500517510815744,1156815230,"<a href=""https://about.twitter.com/products/tweetdeck"" rel=""nofollow"">TweetDeck</a>","ForexLive",0,FALSE,FALSE,NA,NA
"BOJ headline - ""said o weak message as dissenter calls for more easing"" h ps://t.co/07Mqdb0mOU",FALSE,5,NA,2017-12-15 02:48:36,FALSE,NA,941500206608277504,NA,"<a href=""http://www.forexlive.com"" rel=""nofollow"">ForexLive Tweets</a>","ForexLive",8,FALSE,FALSE,NA,NA
"HSBC on he PBOC rate hikes and where o for he yuan in 2018 h ps://t.co/QV9Q4FAmlb",FALSE,2,NA,2017-12-15 02:15:03,FALSE,NA,941491763604348928,NA,"<a href=""http://www.forexlive.com"" rel=""nofollow"">ForexLive Tweets</a>","ForexLive",0,FALSE,FALSE,NA,NA
"Japan chief cabine secretary Suga - o implemen further sanctions on North Korea h ps://t.co/j2G5S9tOvL",FALSE,1,NA,2017-12-15 01:45:24,FALSE,NA,941484303090888704,NA,"<a href=""http://www.forexlive.com"" rel=""nofollow"">ForexLive Tweets</a>","ForexLive",0,FALSE,FALSE,NA,NA
"PBOC sets USD/CNY reference rate for oday a 6.6113 (vs. yesterday a 6.6033) h ps://t.co/4IzoGNeLhe",FALSE,2,NA,2017-12-15 01:16:20,FALSE,NA,941476988069572608,NA,"<a href=""http://www.forexlive.com"" rel=""nofollow"">ForexLive Tweets</a>","ForexLive",3,FALSE,FALSE,NA,NA
"South Korea new bitcoin measures o be imposed from January 1, 2018 h ps://t.co/42IRE2cTeB",FALSE,3,NA,2017-12-15 01:14:08,FALSE,NA,941476435222556672,NA,"<a href=""http://www.forexlive.com"" rel=""nofollow"">ForexLive Tweets</a>","ForexLive",3,FALSE,FALSE,NA,NA
"Heads up for Sth Korean bitcoin ax proposals oday (other govmts o follow suit?) h ps://t.co/zj8dMtOg1w",FALSE,6,NA,2017-12-15 00:54:32,FALSE,NA,941471504365162496,NA,"<a href=""http://www.forexlive.com"" rel=""nofollow"">ForexLive Tweets</a>","ForexLive",5,FALSE,FALSE,NA,NA
"Goldman Sachs require a 100% margin on some bitcoin futures rades h ps://t.co/D1FcZAK2qV",FALSE,6,NA,2017-12-15 00:15:08,FALSE,NA,941461588070096896,NA,"<a href=""http://www.forexlive.com"" rel=""nofollow"">ForexLive Tweets</a>","ForexLive",3,FALSE,FALSE,NA,NA
"BOJ Q4 Tankan survey ou now - positive outlook still h ps://t.co/ANgU2M9DvW",FALSE,2,NA,2017-12-14 23:50:12,FALSE,NA,941455313030533120,NA,"<a href=""http://www.forexlive.com"" rel=""nofollow"">ForexLive Tweets</a>","ForexLive",1,FALSE,FALSE,NA,NA
"UK Times reports PM May is expected o back down on Brexi date plan h ps://t.co/yrdWzHtXZ6",FALSE,0,NA,2017-12-14 23:12:39,FALSE,NA,941445864526106624,NA,"<a href=""http://www.forexlive.com"" rel=""nofollow"">ForexLive Tweets</a>","ForexLive",1,FALSE,FALSE,NA,NA
"Here is he full ranscrip of Draghi's ECB press conference h ps://t.co/ZgZCCNiwxx",FALSE,2,NA,2017-12-14 22:55:55,FALSE,NA,941441652132065280,NA,"<a href=""http://www.forexlive.com"" rel=""nofollow"">ForexLive Tweets</a>","ForexLive",0,FALSE,FALSE,NA,NA
"@BostonGlobe @aussietorres will hey anything like Snickers bars? mmmmmm .....",FALSE,1,"BostonGlobe",2017-12-14 22:49:59,FALSE,941438439676882944,941440159979003904,95431448,"<a href=""https://about.twitter.com/products/tweetdeck"" rel=""nofollow"">TweetDeck</a>","ForexLive",0,FALSE,FALSE,NA,NA
"Lithuania's presiden - Leaders agree o move o nex Brexi phase h ps://t.co/YGVdrCIuTR",FALSE,1,NA,2017-12-14 22:43:12,FALSE,NA,941438452012408832,NA,"<a href=""http://www.forexlive.com"" rel=""nofollow"">ForexLive Tweets</a>","ForexLive",1,FALSE,FALSE,NA,NA
"Russian media; Putin, Trump phone call oday - discussed North Korea h ps://t.co/YnAV5jKDfV",FALSE,1,NA,2017-12-14 22:25:54,FALSE,NA,941434099398520832,NA,"<a href=""http://www.forexlive.com"" rel=""nofollow"">ForexLive Tweets</a>","ForexLive",2,FALSE,FALSE,NA,NA
"CBA on he AUD/USD - arge 0.78 by end 2017 h ps://t.co/63k9smCXCx",FALSE,0,NA,2017-12-14 22:03:24,FALSE,NA,941428433304907776,NA,"<a href=""http://www.forexlive.com"" rel=""nofollow"">ForexLive Tweets</a>","ForexLive",1,FALSE,FALSE,NA,NA
"Forexlive Americas FX news wrap: ECB raises growth forecas bu no ightening soon h ps://t.co/Gho6YKsubc",FALSE,4,NA,2017-12-14 21:53:30,FALSE,NA,941425942165180416,NA,"<a href=""http://www.forexlive.com"" rel=""nofollow"">ForexLive Tweets</a>","ForexLive",1,FALSE,FALSE,NA,NA
"BOJ Tankan repor for Q4 due oday - preview h ps://t.co/WRh7j8J9ff",FALSE,0,NA,2017-12-14 21:51:46,FALSE,NA,941425508620922880,NA,"<a href=""http://www.forexlive.com"" rel=""nofollow"">ForexLive Tweets</a>","ForexLive",0,FALSE,FALSE,NA,NA
"Friday 15 December 2017 rade ideas hread h ps://t.co/i9RgfeT72t",FALSE,1,NA,2017-12-14 21:48:06,FALSE,NA,941424583722270720,NA,"<a href=""http://www.forexlive.com"" rel=""nofollow"">ForexLive Tweets</a>","ForexLive",0,FALSE,FALSE,NA,NA
"BOJ Tankan repor for Q4 due oday (survey of business) h ps://t.co/REQXigCXg5",FALSE,0,NA,2017-12-14 21:43:51,FALSE,NA,941423517320564736,NA,"<a href=""http://www.forexlive.com"" rel=""nofollow"">ForexLive Tweets</a>","ForexLive",0,FALSE,FALSE,NA,NA
"NZ manufacturing PMI for Nov. comes in a 57.7 (prior 57.2) h ps://t.co/17clnIZX8D",FALSE,0,NA,2017-12-14 21:31:04,FALSE,NA,941420298519351296,NA,"<a href=""http://www.forexlive.com"" rel=""nofollow"">ForexLive Tweets</a>","ForexLive",1,FALSE,FALSE,NA,NA
"The TGIF economic calendar due from Asia oday (some BOJ) h ps://t.co/uHuWhsnN4x",FALSE,0,NA,2017-12-14 21:17:33,FALSE,NA,941416894636220416,NA,"<a href=""http://www.forexlive.com"" rel=""nofollow"">ForexLive Tweets</a>","ForexLive",0,FALSE,FALSE,NA,NA
"US stocks end he session with losses. No records oday. h ps://t.co/VmiMEs3h7a",FALSE,1,NA,2017-12-14 21:11:49,FALSE,NA,941415454005972992,NA,"<a href=""http://www.forexlive.com"" rel=""nofollow"">ForexLive Tweets</a>","ForexLive",0,FALSE,FALSE,NA,NA
"BoC's Poloz says wants he economy o run ho er for a while h ps://t.co/UIuv8JxXsW",FALSE,1,NA,2017-12-14 21:08:09,FALSE,NA,941414529593954304,NA,"<a href=""http://www.forexlive.com"" rel=""nofollow"">ForexLive Tweets</a>","ForexLive",1,FALSE,FALSE,NA,NA
"EURUSD stays below he 100 day MA on retes h ps://t.co/fFabVoKIzp",FALSE,3,NA,2017-12-14 20:15:12,FALSE,NA,941401205296783360,NA,"<a href=""http://www.forexlive.com"" rel=""nofollow"">ForexLive Tweets</a>","ForexLive",0,FALSE,FALSE,NA,NA
"Bundesbanks Weidmann: Loose EU monetary policy contributes o deceptive calm h ps://t.co/ctYD5sqVy2",FALSE,0,NA,2017-12-14 20:00:54,FALSE,NA,941397608269938688,NA,"<a href=""http://www.forexlive.com"" rel=""nofollow"">ForexLive Tweets</a>","ForexLive",0,FALSE,FALSE,NA,NA
"Trump. We are ge ing rid of job-killing regulation h ps://t.co/2pCgN8xiaS",FALSE,2,NA,2017-12-14 19:51:12,FALSE,NA,941395166774091776,NA,"<a href=""http://www.forexlive.com"" rel=""nofollow"">ForexLive Tweets</a>","ForexLive",1,FALSE,FALSE,NA,NA
"4 key hemes o drive FX performance in 2018 - Credi Agricole h ps://t.co/UXoINhJ6ZH",FALSE,4,NA,2017-12-14 19:43:57,FALSE,NA,941393340712607744,NA,"<a href=""http://www.forexlive.com"" rel=""nofollow"">ForexLive Tweets</a>","ForexLive",0,FALSE,FALSE,NA,NA
"Does Trump hinks i will help ge him re-elected. That's probably how he sees it. h ps://t.co/xS3zpKTsqM",FALSE,5,NA,2017-12-14 19:22:50,FALSE,NA,941388025174609920,NA,"<a href=""https://about.twitter.com/products/tweetdeck"" rel=""nofollow"">TweetDeck</a>","ForexLive",1,FALSE,FALSE,NA,NA
"BOC's Poloz: Caution isn' a code word for being on hold h ps://t.co/k8yLtQQxmU",FALSE,0,NA,2017-12-14 19:11:54,FALSE,NA,941385273954525184,NA,"<a href=""http://www.forexlive.com"" rel=""nofollow"">ForexLive Tweets</a>","ForexLive",0,FALSE,FALSE,NA,NA
"Hawkish h ps://t.co/GN9ihjt9E1",FALSE,1,NA,2017-12-14 19:06:33,FALSE,NA,941383930355355648,NA,"<a href=""https://about.twitter.com/products/tweetdeck"" rel=""nofollow"">TweetDeck</a>","ForexLive",4,FALSE,FALSE,NA,NA
"Marco Rubio says he will oppose ax bill until child ax credi fixed - repor h ps://t.co/tOdP0lxZxc",FALSE,4,NA,2017-12-14 19:01:14,FALSE,NA,941382592447819776,NA,"<a href=""http://www.forexlive.com"" rel=""nofollow"">ForexLive Tweets</a>","ForexLive",4,FALSE,FALSE,NA,NA
"Mexico central bank raises benchmark interes rate o 7.25% from 7.0% h ps://t.co/JSyMLDMLpn",FALSE,1,NA,2017-12-14 19:00:57,FALSE,NA,941382518338719744,NA,"<a href=""http://www.forexlive.com"" rel=""nofollow"">ForexLive Tweets</a>","ForexLive",3,FALSE,FALSE,NA,NA
"BOC Poloz: wages remain below he ypical average a his stage of cycle h ps://t.co/X2onkFkcwZ",FALSE,0,NA,2017-12-14 18:55:14,FALSE,NA,941381080204103680,NA,"<a href=""http://www.forexlive.com"" rel=""nofollow"">ForexLive Tweets</a>","ForexLive",2,FALSE,FALSE,NA,NA
"The 'reverse sandwich' - central bank risk in review h ps://t.co/nalYlN79lY",FALSE,3,NA,2017-12-14 18:53:25,FALSE,NA,941380624610361344,NA,"<a href=""http://www.forexlive.com"" rel=""nofollow"">ForexLive Tweets</a>","ForexLive",1,FALSE,FALSE,NA,NA
"Dollar moves lower. Tax legislation concerns. Repeal of ne neutrality h ps://t.co/RVJVqmjWB7",FALSE,4,NA,2017-12-14 18:36:07,FALSE,NA,941376272659288064,NA,"<a href=""http://www.forexlive.com"" rel=""nofollow"">ForexLive Tweets</a>","ForexLive",1,FALSE,FALSE,NA,NA
"USD/CAD sinks o nine-day low after upbea comments from Poloz h ps://t.co/TgQfKoL8gH",FALSE,3,NA,2017-12-14 18:27:32,FALSE,NA,941374110805975040,NA,"<a href=""http://www.forexlive.com"" rel=""nofollow"">ForexLive Tweets</a>","ForexLive",1,FALSE,FALSE,NA,NA
"BOC's Poloz says Bitcoin is more like gambling han investing h ps://t.co/z8c2O1A8cN",FALSE,5,NA,2017-12-14 18:20:28,FALSE,NA,941372333264195584,NA,"<a href=""http://www.forexlive.com"" rel=""nofollow"">ForexLive Tweets</a>","ForexLive",2,FALSE,FALSE,NA,NA
"Republican Senator Lee is undecided on whether o suppor ax legislation h ps://t.co/ZqNf5lrSD1",FALSE,2,NA,2017-12-14 18:16:24,FALSE,NA,941371306817224704,NA,"<a href=""http://www.forexlive.com"" rel=""nofollow"">ForexLive Tweets</a>","ForexLive",2,FALSE,FALSE,NA,NA
"Goldman Sachs raises 4Q GDP racking h ps://t.co/nWj0beE4qX",FALSE,3,NA,2017-12-14 17:57:59,FALSE,NA,941366674523066368,NA,"<a href=""http://www.forexlive.com"" rel=""nofollow"">ForexLive Tweets</a>","ForexLive",0,FALSE,FALSE,NA,NA
"USDJPY falls o new session lows. Below rend line h ps://t.co/LnIVVgo2L8",FALSE,7,NA,2017-12-14 17:42:37,FALSE,NA,941362808939216896,NA,"<a href=""http://www.forexlive.com"" rel=""nofollow"">ForexLive Tweets</a>","ForexLive",0,FALSE,FALSE,NA,NA
"Full ex of Poloz's speech: h ps://t.co/vNJwCrIUxQ",FALSE,2,NA,2017-12-14 17:29:24,FALSE,NA,941359481400721408,NA,"<a href=""https://about.twitter.com/products/tweetdeck"" rel=""nofollow"">TweetDeck</a>","ForexLive",1,FALSE,FALSE,NA,NA
"BOC Poloz: increasingly confiden economy will need less monetary stimulus over ime h ps://t.co/FiXThYwYVZ",FALSE,2,NA,2017-12-14 17:28:19,FALSE,NA,941359206501965824,NA,"<a href=""http://www.forexlive.com"" rel=""nofollow"">ForexLive Tweets</a>","ForexLive",0,FALSE,FALSE,NA,NA
"BOC's Poloz: Increasingly confiden economy will need less stimulus over ime h ps://t.co/h9xt3CgApM",FALSE,3,NA,2017-12-14 17:25:26,FALSE,NA,941358482711859200,NA,"<a href=""http://www.forexlive.com"" rel=""nofollow"">ForexLive Tweets</a>","ForexLive",5,FALSE,FALSE,NA,NA
"Bank of France comes ou with own growth and inflation forecasts h ps://t.co/xSYmM1hiYT",FALSE,0,NA,2017-12-14 17:04:12,FALSE,NA,941353139466375168,NA,"<a href=""http://www.forexlive.com"" rel=""nofollow"">ForexLive Tweets</a>","ForexLive",2,FALSE,FALSE,NA,NA
"Minority of ECB rate se ers wanted o signal guidance may change if inflation keeps accelerating h ps://t.co/8J8o2qflh2",FALSE,0,NA,2017-12-14 16:50:55,FALSE,NA,941349794534121472,NA,"<a href=""http://www.forexlive.com"" rel=""nofollow"">ForexLive Tweets</a>","ForexLive",2,FALSE,FALSE,NA,NA
"Forex echnical analysis: EURJPY fell below MAs and rend line. Momentum increased. h ps://t.co/cvQfMpcVVl",FALSE,0,NA,2017-12-14 16:49:56,FALSE,NA,941349547028238336,NA,"<a href=""http://www.forexlive.com"" rel=""nofollow"">ForexLive Tweets</a>","ForexLive",0,FALSE,FALSE,NA,NA
"So 8% or 15%? That's a big difference on repatriation.",FALSE,7,NA,2017-12-14 16:41:56,FALSE,NA,941347535783976960,NA,"<a href=""https://about.twitter.com/products/tweetdeck"" rel=""nofollow"">TweetDeck</a>","ForexLive",1,FALSE,FALSE,NA,NA
"US stocks have pared heir gains. SP is now negative on he day h ps://t.co/HQSuAEdQ5p",FALSE,3,NA,2017-12-14 16:23:14,FALSE,NA,941342830903070720,NA,"<a href=""http://www.forexlive.com"" rel=""nofollow"">ForexLive Tweets</a>","ForexLive",4,FALSE,FALSE,NA,NA
"SP sees eurozone real GDP growth a 2% in 2018 h ps://t.co/7ld1XyXfPu",FALSE,0,NA,2017-12-14 16:19:47,FALSE,NA,941341961616846848,NA,"<a href=""http://www.forexlive.com"" rel=""nofollow"">ForexLive Tweets</a>","ForexLive",1,FALSE,FALSE,NA,NA
"Atlanta Fed GDPNow estimate back above 3%. Rises o 3.3%. h ps://t.co/0acdC7vb0A",FALSE,0,NA,2017-12-14 16:10:10,FALSE,NA,941339541687988224,NA,"<a href=""http://www.forexlive.com"" rel=""nofollow"">ForexLive Tweets</a>","ForexLive",4,FALSE,FALSE,NA,NA
"Forex echnical analysis: EURGBP ests low for he day/week h ps://t.co/DjpP2G6Fcf",FALSE,0,NA,2017-12-14 16:05:39,FALSE,NA,941338403173490688,NA,"<a href=""http://www.forexlive.com"" rel=""nofollow"">ForexLive Tweets</a>","ForexLive",2,FALSE,FALSE,NA,NA
"Forex echnical analysis: EURUSD falls back below MA suppor h ps://t.co/E1oxSZOP1S",FALSE,1,NA,2017-12-14 15:34:16,FALSE,NA,941330506578264064,NA,"<a href=""http://www.forexlive.com"" rel=""nofollow"">ForexLive Tweets</a>","ForexLive",2,FALSE,FALSE,NA,NA
"IMF: Fed's future moves in policy rates should be gradual h ps://t.co/NRurQEDzW1",FALSE,3,NA,2017-12-14 15:31:52,FALSE,NA,941329901700960256,NA,"<a href=""http://www.forexlive.com"" rel=""nofollow"">ForexLive Tweets</a>","ForexLive",0,FALSE,FALSE,NA,NA
"Two senators o watch on he US ax bill h ps://t.co/WA1kj96Fi4",FALSE,0,NA,2017-12-14 15:29:30,FALSE,NA,941329308953477120,NA,"<a href=""http://www.forexlive.com"" rel=""nofollow"">ForexLive Tweets</a>","ForexLive",0,FALSE,FALSE,NA,NA
"Forex echnical analysis: USDCAD up on he day bu staying in up and down range h ps://t.co/ddvJPiW3px",FALSE,0,NA,2017-12-14 15:12:05,FALSE,NA,941324922969903104,NA,"<a href=""http://www.forexlive.com"" rel=""nofollow"">ForexLive Tweets</a>","ForexLive",0,FALSE,FALSE,NA,NA
"US October business inventories -0.1% vs -0.1% expected",FALSE,1,NA,2017-12-14 15:00:17,FALSE,NA,941321955730444288,NA,"<a href=""https://about.twitter.com/products/tweetdeck"" rel=""nofollow"">TweetDeck</a>","ForexLive",0,FALSE,FALSE,NA,NA
"US marki services PMI lowes since Sep 2016 h ps://t.co/uAhvmhlXHk",FALSE,1,NA,2017-12-14 14:46:45,FALSE,NA,941318546860265472,NA,"<a href=""https://about.twitter.com/products/tweetdeck"" rel=""nofollow"">TweetDeck</a>","ForexLive",2,FALSE,FALSE,NA,NA
"US Marki prelim services PMI 52.4 vs 54.7 expected h ps://t.co/BtL3Ay56Dn",FALSE,2,NA,2017-12-14 14:45:06,FALSE,NA,941318132379062272,NA,"<a href=""http://www.forexlive.com"" rel=""nofollow"">ForexLive Tweets</a>","ForexLive",2,FALSE,FALSE,NA,NA
"Up next: US Marki manufacturing and services PMIs h ps://t.co/dwb6cntWmz",FALSE,0,NA,2017-12-14 14:40:56,FALSE,NA,941317086143447040,NA,"<a href=""http://www.forexlive.com"" rel=""nofollow"">ForexLive Tweets</a>","ForexLive",1,FALSE,FALSE,NA,NA
"Forex echnical analysis: USDJPY ests rend line in up and down day h ps://t.co/qaaZJK4XgU",FALSE,2,NA,2017-12-14 14:33:16,FALSE,NA,941315153492152320,NA,"<a href=""http://www.forexlive.com"" rel=""nofollow"">ForexLive Tweets</a>","ForexLive",0,FALSE,FALSE,NA,NA
"That's all h ps://t.co/eH4syUBrW3",FALSE,2,NA,2017-12-14 14:23:42,FALSE,NA,941312746292940800,NA,"<a href=""https://about.twitter.com/products/tweetdeck"" rel=""nofollow"">TweetDeck</a>","ForexLive",1,FALSE,FALSE,NA,NA
"Las question",FALSE,0,NA,2017-12-14 14:21:51,FALSE,NA,941312283015352320,NA,"<a href=""https://about.twitter.com/products/tweetdeck"" rel=""nofollow"">TweetDeck</a>","ForexLive",1,FALSE,FALSE,NA,NA
"Forex echnical analysis: GBPUSD ests he 200 hour MA/trend line h ps://t.co/mqfOUnADSk",FALSE,0,NA,2017-12-14 14:21:49,FALSE,NA,941312275734061056,NA,"<a href=""http://www.forexlive.com"" rel=""nofollow"">ForexLive Tweets</a>","ForexLive",1,FALSE,FALSE,NA,NA
"Draghi: The muted response o wages is way, way slower han in he past",FALSE,3,NA,2017-12-14 14:20:03,FALSE,NA,941311827924979712,NA,"<a href=""https://about.twitter.com/products/tweetdeck"" rel=""nofollow"">TweetDeck</a>","ForexLive",1,FALSE,FALSE,NA,NA
"Draghi: Likelihood of economic downturn very, very small",FALSE,1,NA,2017-12-14 14:08:15,FALSE,NA,941308858315702272,NA,"<a href=""https://about.twitter.com/products/tweetdeck"" rel=""nofollow"">TweetDeck</a>","ForexLive",3,FALSE,FALSE,NA,NA
"The euro is a he lows of he day, which is surely wha Draghi was hoping for.",FALSE,4,NA,2017-12-14 14:04:32,FALSE,NA,941307924865015808,NA,"<a href=""https://about.twitter.com/products/tweetdeck"" rel=""nofollow"">TweetDeck</a>","ForexLive",2,FALSE,FALSE,NA,NA
"'Vas majority' of ECB wants open-ended asse purchases",FALSE,0,NA,2017-12-14 14:00:14,FALSE,NA,941306844382932992,NA,"<a href=""https://about.twitter.com/products/tweetdeck"" rel=""nofollow"">TweetDeck</a>","ForexLive",0,FALSE,FALSE,NA,NA
"EURUSD likes he ECB growth bump up. Inflation seen higher bu oil/food h ps://t.co/Xt04R2d9cu",FALSE,1,NA,2017-12-14 13:56:38,FALSE,NA,941305936370700288,NA,"<a href=""http://www.forexlive.com"" rel=""nofollow"">ForexLive Tweets</a>","ForexLive",0,FALSE,FALSE,NA,NA
"Draghi QA: The outpu gap will close in 2018 h ps://t.co/h2QpvnVNlR",FALSE,2,NA,2017-12-14 13:55:53,FALSE,NA,941305746922274816,NA,"<a href=""http://www.forexlive.com"" rel=""nofollow"">ForexLive Tweets</a>","ForexLive",2,FALSE,FALSE,NA,NA
"Draghi: Guidance on interes rates will gain importance h ps://t.co/xyxsLKsWdO",FALSE,1,NA,2017-12-14 13:52:57,FALSE,NA,941305010306117632,NA,"<a href=""https://about.twitter.com/products/tweetdeck"" rel=""nofollow"">TweetDeck</a>","ForexLive",1,FALSE,FALSE,NA,NA
"Draghi does his own analysis and interpretation of he statement",FALSE,5,NA,2017-12-14 13:50:47,FALSE,NA,941304463704412160,NA,"<a href=""https://about.twitter.com/products/tweetdeck"" rel=""nofollow"">TweetDeck</a>","ForexLive",1,FALSE,FALSE,NA,NA
"Draghi QA: We're increasingly confiden on inflation path h ps://t.co/H6FLyUyPaz",FALSE,3,NA,2017-12-14 13:47:57,FALSE,NA,941303752895619072,NA,"<a href=""http://www.forexlive.com"" rel=""nofollow"">ForexLive Tweets</a>","ForexLive",0,FALSE,FALSE,NA,NA
"Baby steps.",FALSE,3,NA,2017-12-14 13:44:35,FALSE,NA,941302905138810880,NA,"<a href=""https://about.twitter.com/products/tweetdeck"" rel=""nofollow"">TweetDeck</a>","ForexLive",1,FALSE,FALSE,NA,NA
"2018 ECB inflation forecas 1.4% vs 1.2% in Sept",FALSE,2,NA,2017-12-14 13:42:06,FALSE,NA,941302278044180480,NA,"<a href=""https://about.twitter.com/products/tweetdeck"" rel=""nofollow"">TweetDeck</a>","ForexLive",0,FALSE,FALSE,NA,NA
"ECB forecasts: Sees 2018 growth a 2.3% vs 1.8% prior h ps://t.co/dYqmAE7V2w",FALSE,2,NA,2017-12-14 13:38:54,FALSE,NA,941301472821760000,NA,"<a href=""http://www.forexlive.com"" rel=""nofollow"">ForexLive Tweets</a>","ForexLive",3,FALSE,FALSE,NA,NA
"Draghi opening statement: New forecasts signal strong pace of economic growth h ps://t.co/YjYr6Kj2EF",FALSE,1,NA,2017-12-14 13:36:11,FALSE,NA,941300791863861248,NA,"<a href=""http://www.forexlive.com"" rel=""nofollow"">ForexLive Tweets</a>","ForexLive",0,FALSE,FALSE,NA,NA
"US impor price index MoM 0.7% vs 0.7% est. h ps://t.co/TIEgPGlVCg",FALSE,0,NA,2017-12-14 13:31:13,FALSE,NA,941299540363235328,NA,"<a href=""http://www.forexlive.com"" rel=""nofollow"">ForexLive Tweets</a>","ForexLive",1,FALSE,FALSE,NA,NA
"Canada October new housing price index +0.1% vs +0.2% expected h ps://t.co/JGpJLLCCet",FALSE,0,NA,2017-12-14 13:30:26,FALSE,NA,941299342190792704,NA,"<a href=""http://www.forexlive.com"" rel=""nofollow"">ForexLive Tweets</a>","ForexLive",0,FALSE,FALSE,NA,NA
"US initial jobless claims comes in a 225K vs estimate of 236K estimate h ps://t.co/0V9dlkKl5q",FALSE,2,NA,2017-12-14 13:30:15,FALSE,NA,941299296288288768,NA,"<a href=""http://www.forexlive.com"" rel=""nofollow"">ForexLive Tweets</a>","ForexLive",0,FALSE,FALSE,NA,NA
"US November retail sales +0.8% vs +0.3% expected h ps://t.co/49ZwyuXLNj",FALSE,2,NA,2017-12-14 13:30:07,FALSE,NA,941299263681781760,NA,"<a href=""http://www.forexlive.com"" rel=""nofollow"">ForexLive Tweets</a>","ForexLive",1,FALSE,FALSE,NA,NA
"The AUD is he stronges after be er employment. The NZD is he weakest. h ps://t.co/qLDS9Gbbr6",FALSE,2,NA,2017-12-14 13:27:22,FALSE,NA,941298572372398080,NA,"<a href=""http://www.forexlive.com"" rel=""nofollow"">ForexLive Tweets</a>","ForexLive",0,FALSE,FALSE,NA,NA
"Watch live: Mario Draghi's ECB press conference h ps://t.co/9y8lD8o8Qp",FALSE,0,NA,2017-12-14 13:26:06,FALSE,NA,941298251281719296,NA,"<a href=""http://www.forexlive.com"" rel=""nofollow"">ForexLive Tweets</a>","ForexLive",1,FALSE,FALSE,NA,NA
"ForexLive European FX news wrap: SNB, BOE, ECB leave rates unchanged in central bank land h ps://t.co/mOIlDGMxDC",FALSE,2,NA,2017-12-14 13:04:12,FALSE,NA,941292739408297984,NA,"<a href=""http://www.forexlive.com"" rel=""nofollow"">ForexLive Tweets</a>","ForexLive",1,FALSE,FALSE,NA,NA
"Forex echnical analysis: Li le reaction o he ECB statemen h ps://t.co/6o51AU37fN",FALSE,2,NA,2017-12-14 12:53:03,FALSE,NA,941289933066723328,NA,"<a href=""http://www.forexlive.com"" rel=""nofollow"">ForexLive Tweets</a>","ForexLive",1,FALSE,FALSE,NA,NA
"ECB leaves key interes rates, QE on hold h ps://t.co/SKdhTqlBuO",FALSE,1,NA,2017-12-14 12:45:08,FALSE,NA,941287943062327296,NA,"<a href=""http://www.forexlive.com"" rel=""nofollow"">ForexLive Tweets</a>","ForexLive",5,FALSE,FALSE,NA,NA
"ECB rate decision due in less han 10 minutes - 1245 GMT h ps://t.co/bGi2a9OErN",FALSE,1,NA,2017-12-14 12:37:25,FALSE,NA,941285999698677760,NA,"<a href=""http://www.forexlive.com"" rel=""nofollow"">ForexLive Tweets</a>","ForexLive",1,FALSE,FALSE,NA,NA
"GBP raders no liking BOE's ""limited and gradual"" rhetoric h ps://t.co/hyZXinApHA",FALSE,4,NA,2017-12-14 12:18:05,FALSE,NA,941281133718851584,NA,"<a href=""http://www.forexlive.com"" rel=""nofollow"">ForexLive Tweets</a>","ForexLive",1,FALSE,FALSE,NA,NA
"Full ex of he BOE's December MPC meeting summary h ps://t.co/pUhvkbUueE",FALSE,3,NA,2017-12-14 12:08:23,FALSE,NA,941278694588473344,NA,"<a href=""http://www.forexlive.com"" rel=""nofollow"">ForexLive Tweets</a>","ForexLive",1,FALSE,FALSE,NA,NA
"BOE leaves rates unchanged a 0.50% h ps://t.co/0S5uUhjLS1",FALSE,1,NA,2017-12-14 12:00:08,FALSE,NA,941276617455915008,NA,"<a href=""http://www.forexlive.com"" rel=""nofollow"">ForexLive Tweets</a>","ForexLive",2,FALSE,FALSE,NA,NA
"Full ex of he BOE's November MPC meeting summary h ps://t.co/XNJ0nm01Zi",FALSE,2,NA,2017-12-14 11:46:12,FALSE,NA,941273111978283008,NA,"<a href=""http://www.forexlive.com"" rel=""nofollow"">ForexLive Tweets</a>","ForexLive",1,FALSE,FALSE,NA,NA
"BOE rate decision due a he op of he hour - 1200 GMT h ps://t.co/gzUKmVKNHL",FALSE,0,NA,2017-12-14 11:37:48,FALSE,NA,941270996853682176,NA,"<a href=""http://www.forexlive.com"" rel=""nofollow"">ForexLive Tweets</a>","ForexLive",0,FALSE,FALSE,NA,NA
"SNB's Jordan: Won' raise rates for a relatively long ime h ps://t.co/E39T5Euuy5",FALSE,3,NA,2017-12-14 11:30:26,FALSE,NA,941269143927578624,NA,"<a href=""http://www.forexlive.com"" rel=""nofollow"">ForexLive Tweets</a>","ForexLive",2,FALSE,FALSE,NA,NA
"EU's Tusk: Only unity of EU will ake i hrough he mos difficul of asks h ps://t.co/TdHKGcWBYH",FALSE,1,NA,2017-12-14 11:29:48,FALSE,NA,941268985328357376,NA,"<a href=""http://www.forexlive.com"" rel=""nofollow"">ForexLive Tweets</a>","ForexLive",0,FALSE,FALSE,NA,NA
"UK PM spokesman Blain: Plans o write Brexi date into withdrawal are unchanged h ps://t.co/pbSy91yV6B",FALSE,1,NA,2017-12-14 11:18:28,FALSE,NA,941266132111118336,NA,"<a href=""http://www.forexlive.com"" rel=""nofollow"">ForexLive Tweets</a>","ForexLive",0,FALSE,FALSE,NA,NA
"CBRT raises late liquidity window lending rate by 50bps o 12.75% h ps://t.co/QByTCVySjC",FALSE,0,NA,2017-12-14 11:01:34,FALSE,NA,941261880416448512,NA,"<a href=""http://www.forexlive.com"" rel=""nofollow"">ForexLive Tweets</a>","ForexLive",1,FALSE,FALSE,NA,NA
"Putin: US provoked North Korea into violating agreements h ps://t.co/KEFsTZhBAJ",FALSE,2,NA,2017-12-14 10:59:25,FALSE,NA,941261339993034752,NA,"<a href=""http://www.forexlive.com"" rel=""nofollow"">ForexLive Tweets</a>","ForexLive",0,FALSE,FALSE,NA,NA
"GBP spikes lower after some fishy news h ps://t.co/wFlp3NQooo",FALSE,5,NA,2017-12-14 10:32:11,FALSE,NA,941254482884812800,NA,"<a href=""http://www.forexlive.com"" rel=""nofollow"">ForexLive Tweets</a>","ForexLive",1,FALSE,FALSE,NA,NA
"FX option expiries - 14 December 2017 h ps://t.co/qkmIRNZZQl",FALSE,3,NA,2017-12-14 10:25:46,FALSE,NA,941252871219302400,NA,"<a href=""http://www.forexlive.com"" rel=""nofollow"">ForexLive Tweets</a>","ForexLive",0,FALSE,FALSE,NA,NA
"SNB's Jordan: Cryptocurrencies don' pose a risk for monetary policy h ps://t.co/YmgAh2fwBA",FALSE,6,NA,2017-12-14 10:09:52,FALSE,NA,941248869488386048,NA,"<a href=""http://www.forexlive.com"" rel=""nofollow"">ForexLive Tweets</a>","ForexLive",3,FALSE,FALSE,NA,NA
"Cable spikes post-retail sales data, bu runs into selling interes h ps://t.co/9WCTNpA8sE",FALSE,0,NA,2017-12-14 10:07:11,FALSE,NA,941248194230587392,NA,"<a href=""http://www.forexlive.com"" rel=""nofollow"">ForexLive Tweets</a>","ForexLive",0,FALSE,FALSE,NA,NA
"European equities mostly lower ahead of BOE, ECB decisions later h ps://t.co/0mCHilVP8x",FALSE,0,NA,2017-12-14 09:59:51,FALSE,NA,941246348359340032,NA,"<a href=""http://www.forexlive.com"" rel=""nofollow"">ForexLive Tweets</a>","ForexLive",0,FALSE,FALSE,NA,NA
"UK's Davis: A no deal situation is massively less probable after las week's deal h ps://t.co/6BneVHli11",FALSE,0,NA,2017-12-14 09:47:13,FALSE,NA,941243170645520384,NA,"<a href=""http://www.forexlive.com"" rel=""nofollow"">ForexLive Tweets</a>","ForexLive",0,FALSE,FALSE,NA,NA
"PBOC said o have raised SLF by 5bps h ps://t.co/7DWIFkW9cC",FALSE,1,NA,2017-12-14 09:45:53,FALSE,NA,941242832819539968,NA,"<a href=""http://www.forexlive.com"" rel=""nofollow"">ForexLive Tweets</a>","ForexLive",0,FALSE,FALSE,NA,NA
"More from SNB's Jordan: Too early o alk abou normalisation h ps://t.co/D3Wi4tkfbM",FALSE,1,NA,2017-12-14 09:35:46,FALSE,NA,941240287082549248,NA,"<a href=""http://www.forexlive.com"" rel=""nofollow"">ForexLive Tweets</a>","ForexLive",1,FALSE,FALSE,NA,NA
"UK November retail sales m/m +1.2% vs +0.4% expected h ps://t.co/muJy0U5PDV",FALSE,2,NA,2017-12-14 09:30:14,FALSE,NA,941238896041562112,NA,"<a href=""http://www.forexlive.com"" rel=""nofollow"">ForexLive Tweets</a>","ForexLive",0,FALSE,FALSE,NA,NA
"SNB's Jordan: CHF still highly valued despite recen weakening h ps://t.co/FtqqgzbdP6",FALSE,1,NA,2017-12-14 09:07:06,FALSE,NA,941233073617817600,NA,"<a href=""http://www.forexlive.com"" rel=""nofollow"">ForexLive Tweets</a>","ForexLive",0,FALSE,FALSE,NA,NA
"Italy November CPI final m/m -0.2% vs -0.2% expected h ps://t.co/HZU14CrTZU",FALSE,0,NA,2017-12-14 09:04:21,FALSE,NA,941232381947727872,NA,"<a href=""http://www.forexlive.com"" rel=""nofollow"">ForexLive Tweets</a>","ForexLive",0,FALSE,FALSE,NA,NA
"Spain November CPI final m/m +0.5% vs +0.4% expected h ps://t.co/WaimM8M8Io",FALSE,0,NA,2017-12-14 08:00:35,FALSE,NA,941216335186538496,NA,"<a href=""http://www.forexlive.com"" rel=""nofollow"">ForexLive Tweets</a>","ForexLive",0,FALSE,FALSE,NA,NA
"France December manufacturing PMI 59.3 vs 57.2 expected h ps://t.co/T2MHnejhWW",FALSE,1,NA,2017-12-14 08:00:28,FALSE,NA,941216302202589184,NA,"<a href=""http://www.forexlive.com"" rel=""nofollow"">ForexLive Tweets</a>","ForexLive",0,FALSE,FALSE,NA,NA
"Dollar gaining some ground as European markets open h ps://t.co/Vln5y4yss9",FALSE,1,NA,2017-12-14 07:55:06,FALSE,NA,941214952098095104,NA,"<a href=""http://www.forexlive.com"" rel=""nofollow"">ForexLive Tweets</a>","ForexLive",0,FALSE,FALSE,NA,NA
"France November CPI final m/m +0.1% vs +0.1% expected h ps://t.co/gvr0akarwn",FALSE,0,NA,2017-12-14 07:45:13,FALSE,NA,941212465035186176,NA,"<a href=""http://www.forexlive.com"" rel=""nofollow"">ForexLive Tweets</a>","ForexLive",0,FALSE,FALSE,NA,NA
"Projections and Draghi QA he focus of he ECB meeting later oday h ps://t.co/NkpDnuCMzO",FALSE,0,NA,2017-12-14 07:25:48,FALSE,NA,941207579463733248,NA,"<a href=""http://www.forexlive.com"" rel=""nofollow"">ForexLive Tweets</a>","ForexLive",0,FALSE,FALSE,NA,NA
"Eurostoxx futures down -0.4% in early European rading h ps://t.co/YVczBiC82x",FALSE,1,NA,2017-12-14 07:04:14,FALSE,NA,941202153158438912,NA,"<a href=""http://www.forexlive.com"" rel=""nofollow"">ForexLive Tweets</a>","ForexLive",0,FALSE,FALSE,NA,NA
"Denmark may add new laws o ax Bitcoin profits h ps://t.co/E4yRmDMNzz",FALSE,2,NA,2017-12-14 06:56:00,FALSE,NA,941200078471094272,NA,"<a href=""http://www.forexlive.com"" rel=""nofollow"">ForexLive Tweets</a>","ForexLive",0,FALSE,FALSE,NA,NA
"EU's Juncker: Confidence in he euro has never been stronger h ps://t.co/FuOWk6HLpU",FALSE,1,NA,2017-12-14 06:52:46,FALSE,NA,941199268311982080,NA,"<a href=""http://www.forexlive.com"" rel=""nofollow"">ForexLive Tweets</a>","ForexLive",1,FALSE,FALSE,NA,NA
"Bitcoin - The world's firs decentralised Ponzi scheme? h ps://t.co/6FPx7xhQsY",FALSE,1,NA,2017-12-14 06:33:05,FALSE,NA,941194313387708416,NA,"<a href=""http://www.forexlive.com"" rel=""nofollow"">ForexLive Tweets</a>","ForexLive",0,FALSE,FALSE,NA,NA
"Nikkei 225 closes down -0.28% a 22,694.45 h ps://t.co/MWHbu6E77Q",FALSE,1,NA,2017-12-14 06:04:26,FALSE,NA,941187104851353600,NA,"<a href=""http://www.forexlive.com"" rel=""nofollow"">ForexLive Tweets</a>","ForexLive",0,FALSE,FALSE,NA,NA
"Keep on your oes, it's central bank bonanza oday h ps://t.co/Ews0IDviPz",FALSE,1,NA,2017-12-14 05:49:03,FALSE,NA,941183230732054528,NA,"<a href=""http://www.forexlive.com"" rel=""nofollow"">ForexLive Tweets</a>","ForexLive",0,FALSE,FALSE,NA,NA
"Quick snapsho on he major currencies bloc so far oday h ps://t.co/3wtku523l0",FALSE,2,NA,2017-12-14 05:37:38,FALSE,NA,941180360892788736,NA,"<a href=""http://www.forexlive.com"" rel=""nofollow"">ForexLive Tweets</a>","ForexLive",0,FALSE,FALSE,NA,NA
"FX option expiries for he 10am NY cu - 14 Dec 2017 h ps://t.co/j7Hg63b59q",FALSE,2,NA,2017-12-14 05:23:41,FALSE,NA,941176846812635136,NA,"<a href=""http://www.forexlive.com"" rel=""nofollow"">ForexLive Tweets</a>","ForexLive",0,FALSE,FALSE,NA,NA
"Economic data coming up in he European session h ps://t.co/lLFYPhWE4l",FALSE,0,NA,2017-12-14 05:03:48,FALSE,NA,941171844320845824,NA,"<a href=""http://www.forexlive.com"" rel=""nofollow"">ForexLive Tweets</a>","ForexLive",1,FALSE,FALSE,NA,NA
"Ex-PBOC economists says monetary policy should move oward ightening bias h ps://t.co/uWaRatziun",FALSE,0,NA,2017-12-14 05:00:13,FALSE,NA,941170943925342208,NA,"<a href=""http://www.forexlive.com"" rel=""nofollow"">ForexLive Tweets</a>","ForexLive",1,FALSE,FALSE,NA,NA
"Previews of oday's European Central Bank meeting h ps://t.co/VSKC1qKHIi",FALSE,3,NA,2017-12-14 04:49:32,FALSE,NA,941168254353072128,NA,"<a href=""http://www.forexlive.com"" rel=""nofollow"">ForexLive Tweets</a>","ForexLive",0,FALSE,FALSE,NA,NA
"Previews of oday's Bank of England meeting h ps://t.co/mQwhqywSB3",FALSE,1,NA,2017-12-14 04:35:16,FALSE,NA,941164664863543296,NA,"<a href=""http://www.forexlive.com"" rel=""nofollow"">ForexLive Tweets</a>","ForexLive",0,FALSE,FALSE,NA,NA
"Japan data - Industrial production (final, October) 0.5% m/m h ps://t.co/JrUQaq376k",FALSE,0,NA,2017-12-14 04:32:51,FALSE,NA,941164053589872640,NA,"<a href=""http://www.forexlive.com"" rel=""nofollow"">ForexLive Tweets</a>","ForexLive",0,FALSE,FALSE,NA,NA
"Moodys says Federal Reserve rate hikes have limited spillover impac on China h ps://t.co/lNNtmAhG0l",FALSE,0,NA,2017-12-14 04:23:00,FALSE,NA,941161574882054144,NA,"<a href=""http://www.forexlive.com"" rel=""nofollow"">ForexLive Tweets</a>","ForexLive",0,FALSE,FALSE,NA,NA
"Westpac on he Australian dollar - 'downside risks' - see AUD/USD a 0.70 by end 2018 h ps://t.co/0eaob1EmJs",FALSE,0,NA,2017-12-14 04:20:43,FALSE,NA,941161003877879808,NA,"<a href=""http://www.forexlive.com"" rel=""nofollow"">ForexLive Tweets</a>","ForexLive",1,FALSE,FALSE,NA,NA
"Moody's say Australian banks show improved funding and capitalization levels ... bu ... h ps://t.co/oCIR7gISxF",FALSE,1,NA,2017-12-14 04:02:22,FALSE,NA,941156383529078784,NA,"<a href=""http://www.forexlive.com"" rel=""nofollow"">ForexLive Tweets</a>","ForexLive",1,FALSE,FALSE,NA,NA
"ForexLive Asia FX news wrap: China raises rates, bu will anyone notice? h ps://t.co/wZmk8MhLI3",FALSE,0,NA,2017-12-14 03:48:40,FALSE,NA,941152934800306176,NA,"<a href=""http://www.forexlive.com"" rel=""nofollow"">ForexLive Tweets</a>","ForexLive",0,FALSE,FALSE,NA,NA
"""PBOC Raises Marke Borrowing Costs in Surprise Move After Fed"" h ps://t.co/9UPanjUnYM",FALSE,1,NA,2017-12-14 03:19:55,FALSE,NA,941145700666085376,NA,"<a href=""http://www.forexlive.com"" rel=""nofollow"">ForexLive Tweets</a>","ForexLive",1,FALSE,FALSE,NA,NA
"ECB mee oday - preview. 
And he BoE oo - preview. h ps://t.co/r8ITIhMJu8",FALSE,2,NA,2017-12-14 03:05:07,FALSE,NA,941141976174530560,NA,"<a href=""http://www.forexlive.com"" rel=""nofollow"">ForexLive Tweets</a>","ForexLive",1,FALSE,FALSE,NA,NA
"96% of economists agree bitcoin is a bubble. So I guess i isn't. h ps://t.co/F8O6kPBGFM",FALSE,10,NA,2017-12-14 02:40:48,FALSE,NA,941135859184750592,NA,"<a href=""http://www.forexlive.com"" rel=""nofollow"">ForexLive Tweets</a>","ForexLive",10,FALSE,FALSE,NA,NA
"Swiss National Bank mee oday - preview #2 (and one for Norges Bank also) h ps://t.co/VCZ771OwvZ",FALSE,0,NA,2017-12-14 02:14:45,FALSE,NA,941129301482725376,NA,"<a href=""http://www.forexlive.com"" rel=""nofollow"">ForexLive Tweets</a>","ForexLive",1,FALSE,FALSE,NA,NA
"China (Nov.) data: Industrial production +6.1% y/y (exp. +6.1%), and other data also h ps://t.co/Td9yN3cyi9",FALSE,2,NA,2017-12-14 02:00:10,FALSE,NA,941125630556598272,NA,"<a href=""http://www.forexlive.com"" rel=""nofollow"">ForexLive Tweets</a>","ForexLive",1,FALSE,FALSE,NA,NA
"and here! h ps://t.co/upJeY0c89R",FALSE,1,NA,2017-12-14 01:55:30,FALSE,NA,941124458546282496,NA,"<a href=""https://about.twitter.com/products/tweetdeck"" rel=""nofollow"">TweetDeck</a>","ForexLive",0,FALSE,FALSE,NA,NA
"China injects funds hrough MLFs, raises RR rates h ps://t.co/XJOci9S6lk",FALSE,3,NA,2017-12-14 01:50:58,FALSE,NA,941123317511213056,NA,"<a href=""http://www.forexlive.com"" rel=""nofollow"">ForexLive Tweets</a>","ForexLive",2,FALSE,FALSE,NA,NA
"Heads up for China data due a he op of he hour h ps://t.co/1JiY50Pw7I",FALSE,0,NA,2017-12-14 01:36:07,FALSE,NA,941119580226949120,NA,"<a href=""http://www.forexlive.com"" rel=""nofollow"">ForexLive Tweets</a>","ForexLive",0,FALSE,FALSE,NA,NA
"'Stunning' Australian jobs growth data - responses coming in
 h ps://t.co/xpFn77M6dI",FALSE,1,NA,2017-12-14 01:27:20,FALSE,NA,941117370122334208,NA,"<a href=""http://www.forexlive.com"" rel=""nofollow"">ForexLive Tweets</a>","ForexLive",1,FALSE,FALSE,NA,NA
"my pick is 1pm Beijing ime h ps://t.co/6yBbXuh7eD",FALSE,1,NA,2017-12-14 01:27:04,FALSE,NA,941117301536911360,NA,"<a href=""https://about.twitter.com/products/tweetdeck"" rel=""nofollow"">TweetDeck</a>","ForexLive",0,FALSE,FALSE,NA,NA
"The one hing Bitcoin commentators share with other marke commentators - hindsigh rading h ps://t.co/klqsKsc5lt",FALSE,2,NA,2017-12-14 01:26:04,FALSE,NA,941117050893864960,NA,"<a href=""http://www.forexlive.com"" rel=""nofollow"">ForexLive Tweets</a>","ForexLive",1,FALSE,FALSE,NA,NA
"PBOC sets USD/CNY central rate a 6.6033 (vs. yesterday a 6.6251) h ps://t.co/R1FqAcZOVM",FALSE,2,NA,2017-12-14 01:16:00,FALSE,NA,941114518075265024,NA,"<a href=""http://www.forexlive.com"" rel=""nofollow"">ForexLive Tweets</a>","ForexLive",2,FALSE,FALSE,NA,NA
"Australia Nov. Employmen Change +61.6K (vs. expected +19K) h ps://t.co/P7hfPCgFha",FALSE,5,NA,2017-12-14 00:30:13,FALSE,NA,941102995395268608,NA,"<a href=""http://www.forexlive.com"" rel=""nofollow"">ForexLive Tweets</a>","ForexLive",3,FALSE,FALSE,NA,NA
"Japan manufacturing PMI - he 'flash' for December ou now h ps://t.co/IER4hDZAd3",FALSE,0,NA,2017-12-14 00:30:05,FALSE,NA,941102960406298624,NA,"<a href=""http://www.forexlive.com"" rel=""nofollow"">ForexLive Tweets</a>","ForexLive",1,FALSE,FALSE,NA,NA
"Big Aussie data due a he bo om of he hour - November jobs repor h ps://t.co/mjuAAz2w7W",FALSE,1,NA,2017-12-14 00:11:56,FALSE,NA,941098392226353152,NA,"<a href=""http://www.forexlive.com"" rel=""nofollow"">ForexLive Tweets</a>","ForexLive",1,FALSE,FALSE,NA,NA
"UK data - RICS house price balance for November: 0 % (expected 0%) h ps://t.co/HFhT61fKot",FALSE,0,NA,2017-12-14 00:02:39,FALSE,NA,941096055982174208,NA,"<a href=""http://www.forexlive.com"" rel=""nofollow"">ForexLive Tweets</a>","ForexLive",0,FALSE,FALSE,NA,NA
"New Zealand half year economy fiscal update ou now h ps://t.co/xIP4zwprOU",FALSE,1,NA,2017-12-14 00:02:17,FALSE,NA,941095963564892160,NA,"<a href=""http://www.forexlive.com"" rel=""nofollow"">ForexLive Tweets</a>","ForexLive",0,FALSE,FALSE,NA,NA
"Australia - Consumer Inflation Expectations (December): 3.7% (prior 3.7%) h ps://t.co/jygU9NLg9y",FALSE,0,NA,2017-12-14 00:01:45,FALSE,NA,941095830785753088,NA,"<a href=""http://www.forexlive.com"" rel=""nofollow"">ForexLive Tweets</a>","ForexLive",0,FALSE,FALSE,NA,NA
"USD - BoA / ML say upside risks remain underpriced h ps://t.co/82s5M3pUOf",FALSE,1,NA,2017-12-13 23:45:02,FALSE,NA,941091624754524160,NA,"<a href=""http://www.forexlive.com"" rel=""nofollow"">ForexLive Tweets</a>","ForexLive",0,FALSE,FALSE,NA,NA
"US Primary Dealers' outlook for he FOMC into 2018, and wha Powell will do h ps://t.co/5f9xVXnZhT",FALSE,0,NA,2017-12-13 23:31:31,FALSE,NA,941088221445918720,NA,"<a href=""http://www.forexlive.com"" rel=""nofollow"">ForexLive Tweets</a>","ForexLive",0,FALSE,FALSE,NA,NA
"Swiss National Bank mee oday (focus on he CHF) - preview h ps://t.co/id0RxuyKXk",FALSE,0,NA,2017-12-13 23:16:21,FALSE,NA,941084403945656320,NA,"<a href=""http://www.forexlive.com"" rel=""nofollow"">ForexLive Tweets</a>","ForexLive",0,FALSE,FALSE,NA,NA
"Federal Reserve's Brainard: Many people sidelined from job mk are back a work h ps://t.co/cI0YR2q168",FALSE,0,NA,2017-12-13 23:03:51,FALSE,NA,941081258427338752,NA,"<a href=""http://www.forexlive.com"" rel=""nofollow"">ForexLive Tweets</a>","ForexLive",0,FALSE,FALSE,NA,NA
"South Korean fin min comments (this ime no hreatening bitcoin raders!) h ps://t.co/DNbtPSACf2",FALSE,0,NA,2017-12-13 22:59:40,FALSE,NA,941080206596599808,NA,"<a href=""http://www.forexlive.com"" rel=""nofollow"">ForexLive Tweets</a>","ForexLive",0,FALSE,FALSE,NA,NA
"USD/CAD - BoA / ML warn CAD longs are a risk, look for retes of 1.33 h ps://t.co/DWZQRQWtbH",FALSE,2,NA,2017-12-13 22:36:13,FALSE,NA,941074306326515712,NA,"<a href=""http://www.forexlive.com"" rel=""nofollow"">ForexLive Tweets</a>","ForexLive",1,FALSE,FALSE,NA,NA
"Australia jobs repor due oday - preview 5 (and 6 and 7 ...) h ps://t.co/6YJkKsQo3c",FALSE,10,NA,2017-12-13 22:34:43,FALSE,NA,941073928994291712,NA,"<a href=""http://www.forexlive.com"" rel=""nofollow"">ForexLive Tweets</a>","ForexLive",1,FALSE,FALSE,NA,NA
"Activity data due from China oday - quickie preview h ps://t.co/qbhpYpepqB",FALSE,1,NA,2017-12-13 22:23:12,FALSE,NA,941071030986174464,NA,"<a href=""http://www.forexlive.com"" rel=""nofollow"">ForexLive Tweets</a>","ForexLive",0,FALSE,FALSE,NA,NA
"Federal Reserve Chair: Bitcoin is a highly speculative asse h ps://t.co/qqZlRbNQX h/ @VICTORLEONARDIB h ps://t.co/w3r8taaQJw",FALSE,3,NA,2017-12-13 22:06:50,FALSE,NA,941066912909463552,NA,"<a href=""https://about.twitter.com/products/tweetdeck"" rel=""nofollow"">TweetDeck</a>","ForexLive",4,FALSE,FALSE,NA,NA
"Australia jobs repor due oday - preview 4 h ps://t.co/zlyvwHQvul",FALSE,1,NA,2017-12-13 22:05:04,FALSE,NA,941066467008802816,NA,"<a href=""http://www.forexlive.com"" rel=""nofollow"">ForexLive Tweets</a>","ForexLive",0,FALSE,FALSE,NA,NA
"Australia jobs repor due oday - preview 3 h ps://t.co/OsBdW6O70w",FALSE,0,NA,2017-12-13 21:54:55,FALSE,NA,941063913239654400,NA,"<a href=""http://www.forexlive.com"" rel=""nofollow"">ForexLive Tweets</a>","ForexLive",0,FALSE,FALSE,NA,NA
"Trade ideas hread - Thursday 14 December 2017 h ps://t.co/Q3In0ffz0o",FALSE,1,NA,2017-12-13 21:52:11,FALSE,NA,941063225793236992,NA,"<a href=""http://www.forexlive.com"" rel=""nofollow"">ForexLive Tweets</a>","ForexLive",0,FALSE,FALSE,NA,NA
"ForexLive Americas FX news wrap: Fed hikes bu dollar falls h ps://t.co/PLyaPn1Znz",FALSE,2,NA,2017-12-13 21:38:35,FALSE,NA,941059803991994368,NA,"<a href=""http://www.forexlive.com"" rel=""nofollow"">ForexLive Tweets</a>","ForexLive",2,FALSE,FALSE,NA,NA
"Australia jobs repor due oday (includes an added bonus update!) - preview h ps://t.co/k1ZVcN6cMU",FALSE,2,NA,2017-12-13 21:37:20,FALSE,NA,941059487653384192,NA,"<a href=""http://www.forexlive.com"" rel=""nofollow"">ForexLive Tweets</a>","ForexLive",0,FALSE,FALSE,NA,NA
"Economic calendar due from Asia oday (MOAR Fed speak) h ps://t.co/RMAwuWnBN4",FALSE,0,NA,2017-12-13 21:27:26,FALSE,NA,941056995804708864,NA,"<a href=""http://www.forexlive.com"" rel=""nofollow"">ForexLive Tweets</a>","ForexLive",0,FALSE,FALSE,NA,NA
"It's abou he FOMC oday, bu i will be abou he Australian employmen in he new day for he AUDUSD h ps://t.co/lUTIqGUzFk",FALSE,0,NA,2017-12-13 21:12:59,TRUE,NA,941053360706220032,NA,"<a href=""https://about.twitter.com/products/tweetdeck"" rel=""nofollow"">TweetDeck</a>","ForexLive",1,FALSE,FALSE,NA,NA
"It's abou he FOMC now, bu he Australian employmen will be released in he new day h ps://t.co/JWDUEeHaBS",FALSE,2,NA,2017-12-13 21:10:25,FALSE,NA,941052714519351296,NA,"<a href=""http://www.forexlive.com"" rel=""nofollow"">ForexLive Tweets</a>","ForexLive",0,FALSE,FALSE,NA,NA
"Some fee will surely go up oo h ps://t.co/legQGQaZnb",FALSE,3,NA,2017-12-13 20:52:41,FALSE,NA,941048252375420928,NA,"<a href=""https://about.twitter.com/products/tweetdeck"" rel=""nofollow"">TweetDeck</a>","ForexLive",1,FALSE,FALSE,NA,NA
"US 10-year yields fail a 2.40% again h ps://t.co/SMciwEdOtW",FALSE,3,NA,2017-12-13 20:46:55,FALSE,NA,941046799497916416,NA,"<a href=""http://www.forexlive.com"" rel=""nofollow"">ForexLive Tweets</a>","ForexLive",3,FALSE,FALSE,NA,NA
"More evidence ha regulations, no interes rates are he risk o housing h ps://t.co/1sd8BRbbAB h ps://t.co/umsBV7gKuo",FALSE,2,NA,2017-12-13 20:35:12,FALSE,NA,941043849903902720,NA,"<a href=""https://about.twitter.com/products/tweetdeck"" rel=""nofollow"">TweetDeck</a>","ForexLive",1,FALSE,FALSE,NA,NA
"Yellen says she plans o stay in Washington with her husband for now.",FALSE,0,NA,2017-12-13 20:28:27,FALSE,NA,941042152695574528,NA,"<a href=""https://about.twitter.com/products/tweetdeck"" rel=""nofollow"">TweetDeck</a>","ForexLive",0,FALSE,FALSE,NA,NA
"Yellen: We seem o be on a path of inflation moving up h ps://t.co/U4UiaRkMbY",FALSE,2,NA,2017-12-13 20:27:35,FALSE,NA,941041932540751872,NA,"<a href=""http://www.forexlive.com"" rel=""nofollow"">ForexLive Tweets</a>","ForexLive",1,FALSE,FALSE,NA,NA
"USDJPY moves o and below he lower rend line as he dollar gets bea up h ps://t.co/l7B1fIG0ay",FALSE,2,NA,2017-12-13 20:07:08,FALSE,NA,941036787589439488,NA,"<a href=""http://www.forexlive.com"" rel=""nofollow"">ForexLive Tweets</a>","ForexLive",2,FALSE,FALSE,NA,NA
"Federal Reserve Chair: Bitcoin is a highly speculative asse h ps://t.co/C65newE9g2",FALSE,5,NA,2017-12-13 20:00:25,FALSE,NA,941035095854669824,NA,"<a href=""http://www.forexlive.com"" rel=""nofollow"">ForexLive Tweets</a>","ForexLive",6,FALSE,FALSE,NA,NA
"Yellen QA: We have characterized asse prices as elevated h ps://t.co/OeGUYpTgtP",FALSE,2,NA,2017-12-13 19:57:51,FALSE,NA,941034449826873344,NA,"<a href=""http://www.forexlive.com"" rel=""nofollow"">ForexLive Tweets</a>","ForexLive",2,FALSE,FALSE,NA,NA
"Yellen: Economists don' have a errific record a valuing stocks",FALSE,3,NA,2017-12-13 19:56:23,FALSE,NA,941034081932005376,NA,"<a href=""https://about.twitter.com/products/tweetdeck"" rel=""nofollow"">TweetDeck</a>","ForexLive",5,FALSE,FALSE,NA,NA
"EURUSD es 1.18000 resistance area h ps://t.co/unjUAveeMf",FALSE,1,NA,2017-12-13 19:54:05,FALSE,NA,941033505169035264,NA,"<a href=""http://www.forexlive.com"" rel=""nofollow"">ForexLive Tweets</a>","ForexLive",1,FALSE,FALSE,NA,NA
"@LJKawa They're experts on being artificially hawkish",FALSE,0,"LJKawa",2017-12-13 19:53:54,FALSE,941033329792561152,941033456875835392,601154827,"<a href=""https://about.twitter.com/products/tweetdeck"" rel=""nofollow"">TweetDeck</a>","ForexLive",0,FALSE,FALSE,NA,NA
"This press conference is proof ha all Fed reporters wan o be political reporters. Sadly.",FALSE,5,NA,2017-12-13 19:47:50,FALSE,NA,941031929515782144,NA,"<a href=""https://about.twitter.com/products/tweetdeck"" rel=""nofollow"">TweetDeck</a>","ForexLive",2,FALSE,FALSE,NA,NA
"Yellen QA: Mos FOMC members factored in ax bill stimulus h ps://t.co/e2e6jvMmHF",FALSE,3,NA,2017-12-13 19:42:28,FALSE,NA,941030580002738176,NA,"<a href=""http://www.forexlive.com"" rel=""nofollow"">ForexLive Tweets</a>","ForexLive",1,FALSE,FALSE,NA,NA
"Yellen: Additional likes likely appropriate 'over nex few years'",FALSE,3,NA,2017-12-13 19:39:07,FALSE,NA,941029735424983040,NA,"<a href=""https://about.twitter.com/products/tweetdeck"" rel=""nofollow"">TweetDeck</a>","ForexLive",1,FALSE,FALSE,NA,NA
"Yellen: Inflation softness reflects ransitory developments h ps://t.co/EW6mTTjh4x",FALSE,7,NA,2017-12-13 19:36:46,FALSE,NA,941029143847763968,NA,"<a href=""https://about.twitter.com/products/tweetdeck"" rel=""nofollow"">TweetDeck</a>","ForexLive",2,FALSE,FALSE,NA,NA
"Yellen opening statement: Changes in ax policy will likely provide some growth, he magnitude and iming is uncer h ps://t.co/XI5PsOG7CF",FALSE,3,NA,2017-12-13 19:32:27,TRUE,NA,941028059246923776,NA,"<a href=""http://www.forexlive.com"" rel=""nofollow"">ForexLive Tweets</a>","ForexLive",6,FALSE,FALSE,NA,NA
"Forex echnical analysis: GBPUSD rallies o overhead resistance and backs off h ps://t.co/dClYmPlKkb",FALSE,0,NA,2017-12-13 19:29:02,FALSE,NA,941027200542834688,NA,"<a href=""http://www.forexlive.com"" rel=""nofollow"">ForexLive Tweets</a>","ForexLive",0,FALSE,FALSE,NA,NA
"Watch live: Jane Yellen's final FOMC press conference h ps://t.co/OTiEgMCcRZ",FALSE,6,NA,2017-12-13 19:21:42,FALSE,NA,941025352742301696,NA,"<a href=""http://www.forexlive.com"" rel=""nofollow"">ForexLive Tweets</a>","ForexLive",3,FALSE,FALSE,NA,NA
"Theresa May defeated in vote as UK lawmakers change blueprin h ps://t.co/YngYoLmJEV",FALSE,6,NA,2017-12-13 19:18:58,FALSE,NA,941024666222768128,NA,"<a href=""http://www.forexlive.com"" rel=""nofollow"">ForexLive Tweets</a>","ForexLive",7,FALSE,FALSE,NA,NA
"The dollar falls bu quickly rebounds after he FOMC decision. Yellen awaited. h ps://t.co/6lCx1OFaHs",FALSE,4,NA,2017-12-13 19:12:51,FALSE,NA,941023127865364480,NA,"<a href=""http://www.forexlive.com"" rel=""nofollow"">ForexLive Tweets</a>","ForexLive",3,FALSE,FALSE,NA,NA
"FOMC statemen redline h ps://t.co/5yQumiCWLW",FALSE,3,NA,2017-12-13 19:07:41,FALSE,NA,941021826825818112,NA,"<a href=""http://www.forexlive.com"" rel=""nofollow"">ForexLive Tweets</a>","ForexLive",0,FALSE,FALSE,NA,NA
"Wha has changed in he Federal Reserve forecasts h ps://t.co/gIHvVSDZAM",FALSE,6,NA,2017-12-13 19:04:44,FALSE,NA,941021085776171008,NA,"<a href=""http://www.forexlive.com"" rel=""nofollow"">ForexLive Tweets</a>","ForexLive",3,FALSE,FALSE,NA,NA
"A comparison of he FOMC's do plots h ps://t.co/D7sAFdR7TN",FALSE,6,NA,2017-12-13 19:01:33,FALSE,NA,941020283426820096,NA,"<a href=""http://www.forexlive.com"" rel=""nofollow"">ForexLive Tweets</a>","ForexLive",6,FALSE,FALSE,NA,NA
"The full ex of he December 2017 FOMC statemen h ps://t.co/1wXV5TyK7w",FALSE,5,NA,2017-12-13 19:00:36,FALSE,NA,941020043932045312,NA,"<a href=""http://www.forexlive.com"" rel=""nofollow"">ForexLive Tweets</a>","ForexLive",6,FALSE,FALSE,NA,NA
"Federal Reserve hikes rates o range of 1.25%-1.50%, as expected h ps://t.co/fF6B5bBUHf",FALSE,0,NA,2017-12-13 19:00:05,FALSE,NA,941019915510800384,NA,"<a href=""http://www.forexlive.com"" rel=""nofollow"">ForexLive Tweets</a>","ForexLive",9,FALSE,FALSE,NA,NA
"5 minutes",FALSE,3,NA,2017-12-13 18:55:02,FALSE,NA,941018645328728064,NA,"<a href=""https://about.twitter.com/products/tweetdeck"" rel=""nofollow"">TweetDeck</a>","ForexLive",1,FALSE,FALSE,NA,NA
"McConnell says individual mandate repeal is included in ax bill h ps://t.co/QXfk2RTwXN",FALSE,1,NA,2017-12-13 18:47:19,FALSE,NA,941016703093403648,NA,"<a href=""http://www.forexlive.com"" rel=""nofollow"">ForexLive Tweets</a>","ForexLive",0,FALSE,FALSE,NA,NA
"The levels o eye in he USDJPY hrough he FOMC and why h ps://t.co/rxnGc0RkWr h ps://t.co/jcuze0RLrt",FALSE,1,NA,2017-12-13 18:41:28,FALSE,NA,941015230439501824,NA,"<a href=""https://about.twitter.com/products/tweetdeck"" rel=""nofollow"">TweetDeck</a>","ForexLive",0,FALSE,FALSE,NA,NA
"The levels o eye in he USDJPY hrough he FOMC and why h ps://t.co/sgJW2ZTcaV",FALSE,1,NA,2017-12-13 18:40:31,FALSE,NA,941014991448231936,NA,"<a href=""http://www.forexlive.com"" rel=""nofollow"">ForexLive Tweets</a>","ForexLive",0,FALSE,FALSE,NA,NA
"Canadian oil is being sold a a gigantic discoun h ps://t.co/g77U36yQvX",FALSE,0,NA,2017-12-13 16:19:17,FALSE,NA,940979446848413696,NA,"<a href=""http://www.forexlive.com"" rel=""nofollow"">ForexLive Tweets</a>","ForexLive",7,FALSE,FALSE,NA,NA
"Second phase of Brexi alks likely o be approved nex week - repor h ps://t.co/6SyYorFLk8",FALSE,0,NA,2017-12-13 16:10:24,FALSE,NA,940977210541920256,NA,"<a href=""http://www.forexlive.com"" rel=""nofollow"">ForexLive Tweets</a>","ForexLive",0,FALSE,FALSE,NA,NA
"@AntBarton89 He mus have repeated it.",FALSE,0,"AntBarton89",2017-12-13 16:09:02,FALSE,940974659708882944,940976869037494272,355598206,"<a href=""https://about.twitter.com/products/tweetdeck"" rel=""nofollow"">TweetDeck</a>","ForexLive",0,FALSE,FALSE,NA,NA
"Forex echnical analysis: NZDUSD rades o highes level since end of October h ps://t.co/z0ezGxV46T",FALSE,4,NA,2017-12-13 15:59:03,FALSE,NA,940974354707439616,NA,"<a href=""http://www.forexlive.com"" rel=""nofollow"">ForexLive Tweets</a>","ForexLive",1,FALSE,FALSE,NA,NA
"OPEC Sec Gen: We're working on a framework for a continuity strategy h ps://t.co/iByH4O4cYI",FALSE,0,NA,2017-12-13 15:58:45,FALSE,NA,940974278702436352,NA,"<a href=""http://www.forexlive.com"" rel=""nofollow"">ForexLive Tweets</a>","ForexLive",0,FALSE,FALSE,NA,NA
"Rep Senator Jeff Flake says he's still undecided on ax bill h ps://t.co/NvdUvoXWd3",FALSE,0,NA,2017-12-13 15:51:58,FALSE,NA,940972572807716864,NA,"<a href=""http://www.forexlive.com"" rel=""nofollow"">ForexLive Tweets</a>","ForexLive",1,FALSE,FALSE,NA,NA
"US oil production +0.8% w/w o 9.780 mbpd",FALSE,2,NA,2017-12-13 15:32:56,FALSE,NA,940967781805297664,NA,"<a href=""https://about.twitter.com/products/tweetdeck"" rel=""nofollow"">TweetDeck</a>","ForexLive",2,FALSE,FALSE,NA,NA
"US EIA weekly oil inventories -5117K vs -2894K expected h ps://t.co/2asNPmf3EJ",FALSE,0,NA,2017-12-13 15:30:09,FALSE,NA,940967081947869184,NA,"<a href=""http://www.forexlive.com"" rel=""nofollow"">ForexLive Tweets</a>","ForexLive",2,FALSE,FALSE,NA,NA
"Cable ests its opside rend line and 100 bar MA key area h ps://t.co/eUtaNL75Ml",FALSE,0,NA,2017-12-13 15:29:51,FALSE,NA,940967008388173824,NA,"<a href=""http://www.forexlive.com"" rel=""nofollow"">ForexLive Tweets</a>","ForexLive",0,FALSE,FALSE,NA,NA
"3 hings exclusively unique o oday's Fed decision h ps://t.co/bkhQ2yKbda",FALSE,2,NA,2017-12-13 15:20:46,FALSE,NA,940964721037111296,NA,"<a href=""http://www.forexlive.com"" rel=""nofollow"">ForexLive Tweets</a>","ForexLive",2,FALSE,FALSE,NA,NA
"FOMC may well be expected o hike bu wha happens hen ? h ps://t.co/CJpx4FoQ3c h ps://t.co/rhblcpLxkz",FALSE,3,NA,2017-12-13 15:15:00,FALSE,NA,940963270327902208,NA,"<a href=""https://about.twitter.com/products/tweetdeck"" rel=""nofollow"">TweetDeck</a>","ForexLive",2,FALSE,FALSE,NA,NA
"Watch for Fed hints on inflation and ax plan h ps://t.co/JaJfYKGkac",FALSE,1,NA,2017-12-13 15:14:13,FALSE,NA,940963074441400320,NA,"<a href=""http://www.forexlive.com"" rel=""nofollow"">ForexLive Tweets</a>","ForexLive",1,FALSE,FALSE,NA,NA
"Bitcoin echnical analysis: Wha does he consolidation ell raders in Bitcoin? h ps://t.co/pIKLmav9GS h ps://t.co/3Dm0Qf0cev",FALSE,5,NA,2017-12-13 15:07:40,FALSE,NA,940961426453098496,NA,"<a href=""https://about.twitter.com/products/tweetdeck"" rel=""nofollow"">TweetDeck</a>","ForexLive",3,FALSE,FALSE,NA,NA
"Bitcoin echnical analysis: Wha does he consolidation ell raders in Bitcoin? h ps://t.co/Nd6IGhOoOl",FALSE,2,NA,2017-12-13 15:06:39,FALSE,NA,940961167656316928,NA,"<a href=""http://www.forexlive.com"" rel=""nofollow"">ForexLive Tweets</a>","ForexLive",1,FALSE,FALSE,NA,NA
"The Alabama Senate election will have no effec on ax reform h ps://t.co/gKQutlHTvA",FALSE,2,NA,2017-12-13 14:58:23,FALSE,NA,940959089324167168,NA,"<a href=""http://www.forexlive.com"" rel=""nofollow"">ForexLive Tweets</a>","ForexLive",1,FALSE,FALSE,NA,NA
"US stocks are opening in he black. Yields are lower after CPI data h ps://t.co/6I1xbZpoMB",FALSE,4,NA,2017-12-13 14:38:23,FALSE,NA,940954053600833536,NA,"<a href=""http://www.forexlive.com"" rel=""nofollow"">ForexLive Tweets</a>","ForexLive",1,FALSE,FALSE,NA,NA
"SP 500 creeps higher in he countdown o he FOMC decision h ps://t.co/0Dy390qpBx",FALSE,3,NA,2017-12-13 14:38:15,FALSE,NA,940954023204712448,NA,"<a href=""http://www.forexlive.com"" rel=""nofollow"">ForexLive Tweets</a>","ForexLive",2,FALSE,FALSE,NA,NA
"Forex option contrac expiries for oday 13 Dec Large contracts in play h ps://t.co/m4c0xnGxXV",FALSE,5,NA,2017-12-13 14:25:00,FALSE,NA,940950687248248832,NA,"<a href=""https://about.twitter.com/products/tweetdeck"" rel=""nofollow"">TweetDeck</a>","ForexLive",0,FALSE,FALSE,NA,NA
"Forex echnical analysis: Key level o eye in he GBPUSD for he FOMC day h ps://t.co/Cdnc7bXGTS",FALSE,2,NA,2017-12-13 14:22:44,FALSE,NA,940950116730630144,NA,"<a href=""http://www.forexlive.com"" rel=""nofollow"">ForexLive Tweets</a>","ForexLive",2,FALSE,FALSE,NA,NA
"Italian stocks and bonds drop on repor of March election h ps://t.co/Viuw263qSH",FALSE,2,NA,2017-12-13 14:08:55,FALSE,NA,940946639132463104,NA,"<a href=""http://www.forexlive.com"" rel=""nofollow"">ForexLive Tweets</a>","ForexLive",1,FALSE,FALSE,NA,NA
"China cracks down on consumer lending h ps://t.co/BLKf6tCSuP",FALSE,4,NA,2017-12-13 13:57:43,FALSE,NA,940943819431956480,NA,"<a href=""http://www.forexlive.com"" rel=""nofollow"">ForexLive Tweets</a>","ForexLive",3,FALSE,FALSE,NA,NA
"The dollar falls after he US CPI data h ps://t.co/qs7St6hqf4",FALSE,6,NA,2017-12-13 13:46:07,FALSE,NA,940940900720697344,NA,"<a href=""http://www.forexlive.com"" rel=""nofollow"">ForexLive Tweets</a>","ForexLive",2,FALSE,FALSE,NA,NA
"Teranet/National Bank HPI index MoM (Nov) -0.5% vs -1.0% las month h ps://t.co/9tq9aW3kUi",FALSE,0,NA,2017-12-13 13:30:17,FALSE,NA,940936918971420672,NA,"<a href=""http://www.forexlive.com"" rel=""nofollow"">ForexLive Tweets</a>","ForexLive",0,FALSE,FALSE,NA,NA
"US October CPI +0.4% m/m vs +0.4% m/m expected h ps://t.co/taGdA36p9R",FALSE,2,NA,2017-12-13 13:30:12,FALSE,NA,940936897119088640,NA,"<a href=""http://www.forexlive.com"" rel=""nofollow"">ForexLive Tweets</a>","ForexLive",6,FALSE,FALSE,NA,NA
"All he FOMC and US CPI previews in one place (and an added one ... or wo!) ... 
h ps://t.co/8nKJ8yc4tM",FALSE,2,NA,2017-12-13 13:27:00,FALSE,NA,940936091904884736,NA,"<a href=""https://about.twitter.com/products/tweetdeck"" rel=""nofollow"">TweetDeck</a>","ForexLive",1,FALSE,FALSE,NA,NA
"The GBP is he strongest. The CHF is he weakes as NA rader enter for he day h ps://t.co/nW2WzQipzV h ps://t.co/t18xgc1vgO",FALSE,3,NA,2017-12-13 13:20:53,FALSE,NA,940934551760539648,NA,"<a href=""https://about.twitter.com/products/tweetdeck"" rel=""nofollow"">TweetDeck</a>","ForexLive",1,FALSE,FALSE,NA,NA
"ForexLive morning news wrap: All eyes on he FOMC h ps://t.co/UfWPXqiWCH",FALSE,4,NA,2017-12-13 13:15:00,FALSE,NA,940933071427141632,NA,"<a href=""https://about.twitter.com/products/tweetdeck"" rel=""nofollow"">TweetDeck</a>","ForexLive",0,FALSE,FALSE,NA,NA
"The GBP is he strongest. The CHF is he weakes as NA rader enter for he day h ps://t.co/3IymTMHbsw",FALSE,2,NA,2017-12-13 13:09:58,FALSE,NA,940931802570612736,NA,"<a href=""http://www.forexlive.com"" rel=""nofollow"">ForexLive Tweets</a>","ForexLive",1,FALSE,FALSE,NA,NA
"Germany expects UK o stick o its financial commitments on Brexi h ps://t.co/RZ8XWAvaeO",FALSE,1,NA,2017-12-13 12:47:09,FALSE,NA,940926063106052096,NA,"<a href=""http://www.forexlive.com"" rel=""nofollow"">ForexLive Tweets</a>","ForexLive",0,FALSE,FALSE,NA,NA
"Italy's parliamen o be dissolved between Christmas and New Year h ps://t.co/tLauPosRZ3",FALSE,1,NA,2017-12-13 12:15:13,FALSE,NA,940918025015971840,NA,"<a href=""http://www.forexlive.com"" rel=""nofollow"">ForexLive Tweets</a>","ForexLive",0,FALSE,FALSE,NA,NA
"US MBA mortgage applications w-e 8 Dec -2.3% vs +4.7% prev h ps://t.co/uUSBNGG5cp",FALSE,0,NA,2017-12-13 12:02:50,FALSE,NA,940914907775631360,NA,"<a href=""http://www.forexlive.com"" rel=""nofollow"">ForexLive Tweets</a>","ForexLive",1,FALSE,FALSE,NA,NA
"ForexLive morning news wrap: All eyes on he FOMC h ps://t.co/UfWPXq1lL9",FALSE,1,NA,2017-12-13 12:00:14,FALSE,NA,940914255838228480,NA,"<a href=""http://www.forexlive.com"" rel=""nofollow"">ForexLive Tweets</a>","ForexLive",2,FALSE,FALSE,NA,NA
"FOMC expected o hike bu wha happens hen ? h ps://t.co/CJpx4FGrrM",FALSE,4,NA,2017-12-13 11:58:21,FALSE,NA,940913782423019520,NA,"<a href=""http://www.forexlive.com"" rel=""nofollow"">ForexLive Tweets</a>","ForexLive",3,FALSE,FALSE,NA,NA
"Trump says he knew Moore will no win Alabama voting h ps://t.co/dUVXBL0UCJ",FALSE,1,NA,2017-12-13 11:41:40,FALSE,NA,9.40909583715e+17,NA,"<a href=""http://www.forexlive.com"" rel=""nofollow"">ForexLive Tweets</a>","ForexLive",2,FALSE,FALSE,NA,NA
"Markets muted ahead of he Fed meeting later in he day h ps://t.co/Zq6hr2MGXn",FALSE,0,NA,2017-12-13 10:47:50,FALSE,NA,940896036343767040,NA,"<a href=""http://www.forexlive.com"" rel=""nofollow"">ForexLive Tweets</a>","ForexLive",3,FALSE,FALSE,NA,NA
"More from he order boards 13 Dec h ps://t.co/rKuNJ9qdyY",FALSE,0,NA,2017-12-13 10:44:42,FALSE,NA,940895246191398912,NA,"<a href=""http://www.forexlive.com"" rel=""nofollow"">ForexLive Tweets</a>","ForexLive",1,FALSE,FALSE,NA,NA
"Keep an eye ou on US inflation data ahead of he Fed h ps://t.co/UjG1TnxADR",FALSE,2,NA,2017-12-13 10:36:45,FALSE,NA,940893245202223104,NA,"<a href=""http://www.forexlive.com"" rel=""nofollow"">ForexLive Tweets</a>","ForexLive",4,FALSE,FALSE,NA,NA
"Eurozone October industrial production m/m +0.2% vs 0.0% expected h ps://t.co/RJSxCwyAxB",FALSE,3,NA,2017-12-13 10:00:30,FALSE,NA,940884122620317696,NA,"<a href=""http://www.forexlive.com"" rel=""nofollow"">ForexLive Tweets</a>","ForexLive",2,FALSE,FALSE,NA,NA
"Pound still range-bound after UK wages/jobs data h ps://t.co/CIbnR5XJYv",FALSE,1,NA,2017-12-13 09:43:08,FALSE,NA,940879752268865536,NA,"<a href=""http://www.forexlive.com"" rel=""nofollow"">ForexLive Tweets</a>","ForexLive",3,FALSE,FALSE,NA,NA
"UK October average weekly earnings 3m/y +2.5% vs +2.5% expected h ps://t.co/f94VPcDjvh",FALSE,0,NA,2017-12-13 09:30:07,FALSE,NA,940876476303409152,NA,"<a href=""http://www.forexlive.com"" rel=""nofollow"">ForexLive Tweets</a>","ForexLive",2,FALSE,FALSE,NA,NA
"Cable catching a bid ahead of wages/jobs data h ps://t.co/MyXvJKfYyo",FALSE,0,NA,2017-12-13 09:29:17,FALSE,NA,940876269260025856,NA,"<a href=""http://www.forexlive.com"" rel=""nofollow"">ForexLive Tweets</a>","ForexLive",1,FALSE,FALSE,NA,NA
"BOJ's Kuroda: Japanese economy is in very good shape h ps://t.co/n6qtUut0JF",FALSE,0,NA,2017-12-13 09:25:38,FALSE,NA,940875349113606144,NA,"<a href=""http://www.forexlive.com"" rel=""nofollow"">ForexLive Tweets</a>","ForexLive",1,FALSE,FALSE,NA,NA
"Forex option contrac expiries for oday 13 Dec h ps://t.co/rGmAE1cH4A",FALSE,1,NA,2017-12-13 09:24:45,FALSE,NA,940875127797043200,NA,"<a href=""http://www.forexlive.com"" rel=""nofollow"">ForexLive Tweets</a>","ForexLive",2,FALSE,FALSE,NA,NA
"Coming up a he bo om of he hour: UK wages and jobs data h ps://t.co/u46fQOOeCE",FALSE,1,NA,2017-12-13 09:06:46,FALSE,NA,940870601840963584,NA,"<a href=""http://www.forexlive.com"" rel=""nofollow"">ForexLive Tweets</a>","ForexLive",3,FALSE,FALSE,NA,NA
"Italy October industrial production +0.5% vs +0.7% m/m expected h ps://t.co/zSbNnbmalM",FALSE,1,NA,2017-12-13 09:00:36,FALSE,NA,940869049063485440,NA,"<a href=""http://www.forexlive.com"" rel=""nofollow"">ForexLive Tweets</a>","ForexLive",1,FALSE,FALSE,NA,NA
"China, UK se o hold bilateral alks on 15-16 Dec h ps://t.co/q1otd9SpRL",FALSE,2,NA,2017-12-13 08:47:48,FALSE,NA,940865826776846336,NA,"<a href=""http://www.forexlive.com"" rel=""nofollow"">ForexLive Tweets</a>","ForexLive",2,FALSE,FALSE,NA,NA
"EURGBP orders 13 Dec - UK data and option expiries in play h ps://t.co/pQdzRsubdk",FALSE,0,NA,2017-12-13 08:43:50,FALSE,NA,940864830038265856,NA,"<a href=""http://www.forexlive.com"" rel=""nofollow"">ForexLive Tweets</a>","ForexLive",2,FALSE,FALSE,NA,NA
"Dollar recovers some poise as markets urn a ention o FOMC meeting h ps://t.co/DF8B3WRW2V",FALSE,2,NA,2017-12-13 08:40:20,FALSE,NA,940863948546629632,NA,"<a href=""http://www.forexlive.com"" rel=""nofollow"">ForexLive Tweets</a>","ForexLive",1,FALSE,FALSE,NA,NA
"Barnier: Las week's Brexi pac is 'very complex' h ps://t.co/gR5x5jSkID",FALSE,2,NA,2017-12-13 08:27:29,FALSE,NA,940860716466212864,NA,"<a href=""http://www.forexlive.com"" rel=""nofollow"">ForexLive Tweets</a>","ForexLive",4,FALSE,FALSE,NA,NA
"GBPUSD orders 13 Dec - UK wages/jobs data in focus h ps://t.co/mo41KdcFiv",FALSE,2,NA,2017-12-13 08:27:10,FALSE,NA,940860637109981184,NA,"<a href=""http://www.forexlive.com"" rel=""nofollow"">ForexLive Tweets</a>","ForexLive",3,FALSE,FALSE,NA,NA
"EURUSD orders 13 Dec - Fed and ECB casting a shadow h ps://t.co/S62X4tRQI8",FALSE,3,NA,2017-12-13 08:20:23,FALSE,NA,940858928069513216,NA,"<a href=""http://www.forexlive.com"" rel=""nofollow"">ForexLive Tweets</a>","ForexLive",2,FALSE,FALSE,NA,NA
"China, UK said o plan a CNY 10 bn fund in One Belt, One Road initiative h ps://t.co/Dunzw1om9z",FALSE,1,NA,2017-12-13 08:19:50,FALSE,NA,940858787979816960,NA,"<a href=""http://www.forexlive.com"" rel=""nofollow"">ForexLive Tweets</a>","ForexLive",2,FALSE,FALSE,NA,NA
"European equities slightly lower o star he day h ps://t.co/CSpRSeOz0p",FALSE,0,NA,2017-12-13 08:07:15,FALSE,NA,940855625243938816,NA,"<a href=""http://www.forexlive.com"" rel=""nofollow"">ForexLive Tweets</a>","ForexLive",1,FALSE,FALSE,NA,NA
"Eurostoxx futures open down -0.1% a he open h ps://t.co/XDgvAl6niE",FALSE,1,NA,2017-12-13 07:55:18,FALSE,NA,940852614425608192,NA,"<a href=""http://www.forexlive.com"" rel=""nofollow"">ForexLive Tweets</a>","ForexLive",1,FALSE,FALSE,NA,NA
"UAE say it's oo early o speculate on oil pac exi strategies h ps://t.co/S0uryrJzKa",FALSE,0,NA,2017-12-13 07:47:46,FALSE,NA,940850721423060992,NA,"<a href=""http://www.forexlive.com"" rel=""nofollow"">ForexLive Tweets</a>","ForexLive",1,FALSE,FALSE,NA,NA
"Five hings o know ahead of he SNB meeting omorrow h ps://t.co/JKDKHY1inP",FALSE,2,NA,2017-12-13 07:47:15,FALSE,NA,940850589415694336,NA,"<a href=""http://www.forexlive.com"" rel=""nofollow"">ForexLive Tweets</a>","ForexLive",1,FALSE,FALSE,NA,NA
"Trading ideas for he European session h ps://t.co/LD5BZsVtc7",FALSE,1,NA,2017-12-13 07:41:14,FALSE,NA,940849077595639808,NA,"<a href=""http://www.forexlive.com"" rel=""nofollow"">ForexLive Tweets</a>","ForexLive",0,FALSE,FALSE,NA,NA
"Chinese equity markets close firmer h ps://t.co/y90yutUKAW",FALSE,1,NA,2017-12-13 07:12:55,FALSE,NA,940841948100939776,NA,"<a href=""http://www.forexlive.com"" rel=""nofollow"">ForexLive Tweets</a>","ForexLive",2,FALSE,FALSE,NA,NA
"Central banks are no he only hing on he agenda his week h ps://t.co/RIMuNu3J2W",FALSE,2,NA,2017-12-13 07:10:45,FALSE,NA,940841405710258176,NA,"<a href=""http://www.forexlive.com"" rel=""nofollow"">ForexLive Tweets</a>","ForexLive",1,FALSE,FALSE,NA,NA
"Germany November CPI final +0.3% vs +0.3% m/m prelim h ps://t.co/KIOb4iGfu9",FALSE,0,NA,2017-12-13 07:00:12,FALSE,NA,940838748006289408,NA,"<a href=""http://www.forexlive.com"" rel=""nofollow"">ForexLive Tweets</a>","ForexLive",2,FALSE,FALSE,NA,NA
"USDJPY orders 13 Dec - US Fed, politics and expiries in play h ps://t.co/6RDaW9cjjz",FALSE,2,NA,2017-12-13 06:33:36,FALSE,NA,940832056296263680,NA,"<a href=""http://www.forexlive.com"" rel=""nofollow"">ForexLive Tweets</a>","ForexLive",1,FALSE,FALSE,NA,NA
"AUD/USD nears session highs, remains capped h ps://t.co/DVC8NFhEvC",FALSE,1,NA,2017-12-13 06:21:12,FALSE,NA,940828936057081856,NA,"<a href=""http://www.forexlive.com"" rel=""nofollow"">ForexLive Tweets</a>","ForexLive",2,FALSE,FALSE,NA,NA
"Nikkei 225 closes down -0.47% a 22,758.07 h ps://t.co/3WssB6RiM9",FALSE,1,NA,2017-12-13 06:02:49,FALSE,NA,940824310603755520,NA,"<a href=""http://www.forexlive.com"" rel=""nofollow"">ForexLive Tweets</a>","ForexLive",1,FALSE,FALSE,NA,NA
"All he FOMC and US CPI previews in one place (and an added one ... no, wo!) ... 
h ps://t.co/8nKJ8ytFSm",FALSE,1,NA,2017-12-13 05:57:00,FALSE,NA,940822843994058752,NA,"<a href=""https://about.twitter.com/products/tweetdeck"" rel=""nofollow"">TweetDeck</a>","ForexLive",1,FALSE,FALSE,NA,NA
"Economic data coming up in he European session h ps://t.co/YvPbThvC8c",FALSE,0,NA,2017-12-13 05:52:31,FALSE,NA,940821715436953600,NA,"<a href=""http://www.forexlive.com"" rel=""nofollow"">ForexLive Tweets</a>","ForexLive",1,FALSE,FALSE,NA,NA
"EURJPY orders 13 Dec - Dip demand again bu sellers poised h ps://t.co/p8mYSDbI7D",FALSE,0,NA,2017-12-13 05:49:49,FALSE,NA,940821036630724608,NA,"<a href=""http://www.forexlive.com"" rel=""nofollow"">ForexLive Tweets</a>","ForexLive",1,FALSE,FALSE,NA,NA
"AUDUSD orders 13 Dec - Underpinned again h ps://t.co/IFy1nKKOeq",FALSE,0,NA,2017-12-13 05:45:31,FALSE,NA,940819953338454016,NA,"<a href=""http://www.forexlive.com"" rel=""nofollow"">ForexLive Tweets</a>","ForexLive",0,FALSE,FALSE,NA,NA
"Mos economists give Yellen a high score as Fed Chair h ps://t.co/xpfeQij5rK",FALSE,5,NA,2017-12-13 05:23:17,FALSE,NA,940814360519368704,NA,"<a href=""http://www.forexlive.com"" rel=""nofollow"">ForexLive Tweets</a>","ForexLive",0,FALSE,FALSE,NA,NA
"Reuters poll: Japan's economic expansion will las o 2020 or later h ps://t.co/EA3ojMCgCz",FALSE,0,NA,2017-12-13 05:05:08,FALSE,NA,940809790439256064,NA,"<a href=""http://www.forexlive.com"" rel=""nofollow"">ForexLive Tweets</a>","ForexLive",0,FALSE,FALSE,NA,NA
"FX option expiries for he NY cu 13 December 2017 h ps://t.co/hDw0Gispau",FALSE,2,NA,2017-12-13 04:57:57,FALSE,NA,940807982601908224,NA,"<a href=""http://www.forexlive.com"" rel=""nofollow"">ForexLive Tweets</a>","ForexLive",1,FALSE,FALSE,NA,NA
"Bitcoin frenzy being led by millions of Asian investors h ps://t.co/lyTg5dbnmV",FALSE,2,NA,2017-12-13 04:35:57,FALSE,NA,940802447412465664,NA,"<a href=""http://www.forexlive.com"" rel=""nofollow"">ForexLive Tweets</a>","ForexLive",4,FALSE,FALSE,NA,NA
"Trump: Republicans will have another sho a Alabama sea in a very shor period of ime h ps://t.co/CGA001GRCK",FALSE,3,NA,2017-12-13 04:14:33,FALSE,NA,940797064216227840,NA,"<a href=""http://www.forexlive.com"" rel=""nofollow"">ForexLive Tweets</a>","ForexLive",1,FALSE,FALSE,NA,NA
"WSJ survey: Fed o raise rates hree imes in 2018 h ps://t.co/NgSgOKmdVo",FALSE,3,NA,2017-12-13 04:09:24,FALSE,NA,940795767400419328,NA,"<a href=""http://www.forexlive.com"" rel=""nofollow"">ForexLive Tweets</a>","ForexLive",0,FALSE,FALSE,NA,NA
"Reuters: Economists raise 2017 Singapore GDP growth forecas h ps://t.co/muM5MPQJ4W",FALSE,1,NA,2017-12-13 04:05:37,FALSE,NA,940794814580314112,NA,"<a href=""http://www.forexlive.com"" rel=""nofollow"">ForexLive Tweets</a>","ForexLive",0,FALSE,FALSE,NA,NA
"ForexLive Asia FX news wrap: US politics wobbles he USD h ps://t.co/bPRAuvKZrS",FALSE,1,NA,2017-12-13 04:02:46,FALSE,NA,940794098876928000,NA,"<a href=""http://www.forexlive.com"" rel=""nofollow"">ForexLive Tweets</a>","ForexLive",1,FALSE,FALSE,NA,NA
"USD slides across he board following Jones' victory in Alabama h ps://t.co/ENhH1duqzh",FALSE,3,NA,2017-12-13 03:49:27,FALSE,NA,940790744704528384,NA,"<a href=""http://www.forexlive.com"" rel=""nofollow"">ForexLive Tweets</a>","ForexLive",1,FALSE,FALSE,NA,NA
"@CorporateCommie in 3, 2, 1 ...",FALSE,1,"CorporateCommie",2017-12-13 03:47:12,FALSE,940785960484089856,940790179182399488,3124364895,"<a href=""https://about.twitter.com/products/tweetdeck"" rel=""nofollow"">TweetDeck</a>","ForexLive",0,FALSE,FALSE,NA,NA
"The pressure o pass ax reform before year end jus ramped up following Alabama election h ps://t.co/VShEM5Vvk5",FALSE,5,NA,2017-12-13 03:40:12,FALSE,NA,940788416547115008,NA,"<a href=""http://www.forexlive.com"" rel=""nofollow"">ForexLive Tweets</a>","ForexLive",1,FALSE,FALSE,NA,NA
"Democra Doug Jones wins Alabama Senate race h ps://t.co/juvujX2Xfm",FALSE,2,NA,2017-12-13 03:29:27,FALSE,NA,940785710587576320,NA,"<a href=""http://www.forexlive.com"" rel=""nofollow"">ForexLive Tweets</a>","ForexLive",3,FALSE,FALSE,NA,NA
"AP have called he win for Jones (D) in Alabama senate race h ps://t.co/oxvejvJjTZ",FALSE,11,NA,2017-12-13 03:27:16,FALSE,NA,940785162341584896,NA,"<a href=""https://about.twitter.com/products/tweetdeck"" rel=""nofollow"">TweetDeck</a>","ForexLive",2,FALSE,FALSE,NA,NA
