lat,lon,認可施設.事業所等名,利用定員,所在地,電話番号,公私,設置主体,施設の類型,開設時間.平日.,受入可能年齢,特別保育の実施状況
35.174858,136.938161,内山保育園,156,愛知県名古屋市千種区豊年町15,711-0995,公立,名古屋市,保育所,午前7時30分から午後7時30分,6ヶ月から5歳,延長保育,一時保育
NA,NA,東山保育園,100,愛知県名古屋市千種区橋本町3,781-2515,公立,名古屋市,保育所,午前7時30分から午後7時30分,6ヶ月から5歳,延長保育
35.185534,136.970189,汁谷保育園,90,愛知県名古屋市千種区汁谷町39,711-2460,公立,名古屋市,保育所,午前7時30分から午後7時30分,6ヶ月から5歳,延長保育
35.16231,136.987289,星ヶ丘保育園,90,愛知県名古屋市千種区星ケ丘一丁目23,781-6275,公立,名古屋市,保育所,午前7時30分から午後7時30分,産休あけから5歳,延長保育
35.181156,136.946193,北千種保育園,90,愛知県名古屋市千種区北千種二丁目1,722-4185,公立,名古屋市,保育所,午前7時30分から午後7時30分,6ヶ月から5歳,延長保育
35.183509,136.980976,宮根保育園,90,愛知県名古屋市千種区宮根台二丁目9,773-2823,公立,名古屋市,保育所,午前7時30分から午後7時30分,6ヶ月から5歳,延長保育
35.177614,136.938859,都保育園,90,愛知県名古屋市千種区豊年町3,721-9934,公立,名古屋市,保育所,午前7時30分から午後7時30分,6ヶ月から5歳,延長保育
NA,NA,春里保育園,90,愛知県名古屋市千種区春里町2,762-3820,公立,名古屋市,保育所,午前7時30分から午後7時30分,6ヶ月から5歳,延長保育
35.188002,136.971014,千代田橋保育園,90,愛知県名古屋市千種区千代田橋二丁目5,723-2775,公立,名古屋市,保育所,午前7時30分から午後7時30分,6ヶ月から5歳,延長保育
NA,NA,千草保育園,175,愛知県名古屋市千種区下方町3,722-2648,私立,社会福祉法人,幼保連携型認定こども園,午前7時00分から午後7時00分,産休あけから5歳,延長保育,一時保育,子育て支援センター,入所予約
NA,NA,富士見の森こども園,63,愛知県名古屋市千種区富士見台1,712-3737,私立,社会福祉法人,幼保連携型認定こども園,午前7時15分から午後7時15分,産休あけから5歳,延長保育
35.153376,136.96843,どんぐり保育園,90,愛知県名古屋市千種区仁座町120,782-1210,私立,社会福祉法人,保育所,午前7時15分から午後8時15分,産休あけから5歳,延長保育,子育て支援センター,入所予約
NA,NA,光明幼児園,130,愛知県名古屋市千種区桐林町1,761-5753,私立,社会福祉法人,保育所,午前7時15分から午後7時15分,産休あけから5歳,延長保育,入所予約
35.163801,136.939108,春岡保育園,80,愛知県名古屋市千種区今池南12,731-8788,私立,社会福祉法人,保育所,午前7時45分から午後7時45分,産休あけから5歳,延長保育
NA,NA,新池保育園,30,愛知県名古屋市千種区新池町4,782-5455,私立,社会福祉法人,保育所,午前7時00分から午後7時00分,産休あけから2歳,延長保育,休日保育
35.163801,136.939108,春岡夜間保育園,30,愛知県名古屋市千種区今池南12,733-9131,私立,社会福祉法人,保育所,午前11時00分から午前1時00分,産休あけから5歳,延長保育,夜間保育
NA,NA,田代保育園,36,愛知県名古屋市千種区山添町1,762-2602,私立,社会福祉法人,保育所,午前7時15分から午後9時15分,産休あけから2歳,延長保育
NA,NA,希望ヶ丘保育園,138,愛知県名古屋市千種区希望ヶ丘二丁目3,751-5050,私立,社会福祉法人,保育所,午前7時00分から午後7時00分,産休あけから5歳,延長保育,一時保育,子育て支援センター,入所予約
35.182647,136.949039,清明山保育園,54,愛知県名古屋市千種区清明山一丁目1,725-7258,私立,社会福祉法人,保育所,午前7時15分から午後8時15分,産休あけから3歳,延長保育
NA,NA,おおしま保育園,40,愛知県名古屋市千種区大島町3,751-0014,私立,社会福祉法人,保育所,午前7時15分から午後7時15分,産休あけから3歳,延長保育
35.186693,136.977155,千種ピッコロ保育園,40,愛知県名古屋市千種区宮根台一丁目1,799-8355,私立,社会福祉法人,保育所,午前7時30分から午後7時30分,産休あけから3歳,延長保育
NA,NA,かわさき保育園,70,愛知県名古屋市千種区川崎町1,764-2500,私立,社会福祉法人,保育所,午前7時00分から午後7時00分,産休あけから5歳,延長保育
35.184802,136.966727,千種わかすぎ保育園,60,愛知県名古屋市千種区汁谷町7,739-6659,私立,社会福祉法人,保育所,午前7時15分から午後7時15分,産休あけから5歳,延長保育
35.164065,136.942162,春風ピッコロ保育園,50,愛知県名古屋市千種区春岡二丁目5,753-6008,私立,社会福祉法人,保育所,午前7時30分から午後7時30分,産休あけから3歳,延長保育
NA,NA,猫洞保育園,60,愛知県名古屋市千種区猫洞通4,782-2648,私立,社会福祉法人,保育所,午前7時00分から午後7時00分,産休あけから5歳,延長保育
35.186796,136.981079,しらほ宮根台保育園,60,愛知県名古屋市千種区宮根台一丁目5,768-5316,私立,社会福祉法人,保育所,午前7時15分から午後7時15分,産休あけから5歳,延長保育
35.15921,136.967521,東山いずみ保育園,40,愛知県名古屋市千種区園山町一丁目18,781-5670,私立,社会福祉法人,保育所,午前7時30分から午後7時30分,6ヶ月から3歳,延長保育
35.161075,136.982583,星のまち保育園,40,愛知県名古屋市千種区星が丘元町3,781-2155,私立,社会福祉法人,保育所,午前7時00分から午後7時00分,産休あけから3歳,延長保育
35.158819,136.93546,吹上そらいろ保育園,70,愛知県名古屋市千種区千種通七丁目25,735-5960,私立,学校法人,保育所,午前7時15分から午後7時15分,6ヶ月から5歳,延長保育
NA,NA,椙山女学園大学附属保育園,30,愛知県名古屋市千種区山添町2丁目2,761-5590,私立,学校法人,保育所,午前7時30分から午後7時30分,6ヶ月から2歳,延長保育
35.186083,136.985459,リーゴ京命保育園,60,愛知県名古屋市千種区京命一丁目8,775-1515,私立,一般財団法人,保育所,午前7時30分から午後7時30分,6ヶ月から5歳,延長保育
NA,NA,しんぽ保育園,48,愛知県名古屋市千種区振甫町3丁目34,719-0177,私立,社会福祉法人,保育所,午前7時30分から午後7時30分,産休あけから2歳,延長保育,入所予約
NA,NA,ぴよぴよ自由ヶ丘,9,愛知県名古屋市千種区霞ヶ丘2,778-9904,私立,株式会社,小規模保育事業A型,午前7時30分から午後6時30分,産休あけから2歳,
35.177951,136.946891,アイン千種保育室,10,愛知県名古屋市千種区北千種三丁目2,721-4158,私立,株式会社,小規模保育事業A型,午前7時30分から午後6時30分,産休あけから2歳,
35.17697,136.946268,ぽかぽか保育室　若水,10,愛知県名古屋市千種区若水二丁目2,739-5336,私立,株式会社,小規模保育事業B型,午前7時30分から午後6時30分,産休あけから2歳,
35.172077,136.940748,ニチイキッズ今池保育室,15,愛知県名古屋市千種区内山二丁目11,744-0236,私立,株式会社,小規模保育事業B型,午前7時30分から午後6時30分,産休あけから2歳,
NA,NA,YMCAこひつじ保育室,19,愛知県名古屋市千種区春岡1丁目2,757-5530,私立,学校法人,小規模保育事業A型,午前7時30分から午後6時30分,産休あけから2歳,
35.160639,136.922376,はなのこ保育室,10,愛知県名古屋市千種区吹上一丁目2,753-6780,私立,社会福祉法人,小規模保育事業A型,午前7時30分から午後6時30分,産休あけから2歳,
35.163994,136.927639,ウィズブック保育室　千種,19,愛知県名古屋市千種区千種一丁目23,744-1755,私立,株式会社,小規模保育事業A型,午前7時30分から午後6時30分,産休あけから2歳,
35.162816,136.984212,スター・キッズ　星ヶ丘,19,愛知県名古屋市千種区星が丘山手911,715-7933,私立,個人,小規模保育事業A型,午前7時30分から午後6時30分,6ヶ月から2歳,
NA,NA,東保育園,100,愛知県名古屋市東区筒井町4,935-1871,公立,名古屋市,保育所,午前7時30分から午後7時30分,産休あけから5歳,延長保育,子育て支援センター,休日保育
35.190316,136.959698,砂田橋保育園,90,愛知県名古屋市東区砂田橋三丁目2,721-9932,公立,名古屋市,保育所,午前7時30分から午後7時30分,6ヶ月から5歳,延長保育,子育て支援センター
35.183986,136.91254,清瀧保育園,110,愛知県名古屋市東区白壁二丁目5,951-7463,私立,宗教法人,保育所,午前7時15分から午後7時15分,12ヶ月から5歳,延長保育,一時保育
35.190721,136.95351,大幸保育園,167,愛知県名古屋市東区大幸四丁目12,711-1893,私立,宗教法人,保育所,午前7時30分から午後6時30分,産休あけから5歳,入所予約
NA,NA,ルナ保育園,30,愛知県名古屋市東区橦木町3,938-0015,私立,社会福祉法人,保育所,午前7時00分から午後7時00分,産休あけから3歳,延長保育
35.181066,136.931142,エンジェル保育園,60,愛知県名古屋市東区新出来一丁目4,936-9331,私立,社会福祉法人,保育所,午前7時00分から午後7時00分,産休あけから5歳,延長保育,入所予約
35.177309,136.923997,スター保育園,40,愛知県名古屋市東区代官町24,936-0121,私立,社会福祉法人,保育所,午前7時00分から午後7時00分,産休あけから3歳,延長保育
35.177476,136.92769,葵保育園,90,愛知県名古屋市東区筒井一丁目12,938-3390,私立,社会福祉法人,保育所,午前7時15分から午後7時15分,6ヶ月から5歳,延長保育
35.190636,136.946996,ジョイフルドーム前保育園,120,愛知県名古屋市東区大幸一丁目1,719-0711,私立,社会福祉法人,保育所,午前7時00分から午後7時00分,6ヶ月から5歳,延長保育
35.174593,136.912269,泉の杜保育園,60,愛知県名古屋市東区泉一丁目21,963-5022,私立,社会福祉法人,保育所,午前7時00分から午後7時00分,6ヶ月から5歳,延長保育
35.198501,136.942916,やだ保育園,60,愛知県名古屋市東区矢田三丁目4,768-6510,私立,社会福祉法人,保育所,午前7時30分から午後7時30分,産休あけから5歳,延長保育,入所予約
NA,NA,小規模保育事業保育ルームルナ1徳川,15,愛知県名古屋市東区徳川一丁目10ー35,938-0020,私立,社会福祉法人,小規模保育事業B型,午前7時30分から午後6時30分,産休あけから2歳,
35.174825,136.920266,小規模保育事業保育ルームルナ5高岳,15,愛知県名古屋市東区代官町34,935-0061,私立,社会福祉法人,小規模保育事業B型,午前7時30分から午後6時30分,産休あけから2歳,
35.176917,136.91212,小規模保育事業保育ルームルナ7泉,15,愛知県名古屋市東区泉一丁目8,971-0010,私立,社会福祉法人,小規模保育事業B型,午前7時30分から午後6時30分,産休あけから2歳,
NA,NA,ALL4KIDSチャイルドケア　徳川園,19,愛知県名古屋市東区新出来1丁目5,325-4772,私立,株式会社,小規模保育事業A型,午前7時30分から午後6時30分,産休あけから2歳,
NA,NA,スクルドエンジェル保育室東白壁園,19,愛知県名古屋市東区芳野三丁目601,982-6560,私立,株式会社,小規模保育事業A型,午前7時30分から午後6時30分,産休あけから2歳,
35.190388,136.955033,スクルドエンジェル保育室だいこう園,19,愛知県名古屋市東区大幸四丁目19,739-7686,私立,株式会社,小規模保育事業A型,午前7時30分から午後6時30分,産休あけから2歳,
NA,NA,北保育園,100,愛知県名古屋市北区鳩岡町1,981-3856,公立,名古屋市,保育所,午前7時30分から午後7時30分,産休あけから5歳,延長保育,子育て支援センター
35.219117,136.930276,味鋺保育園,90,愛知県名古屋市北区楠味鋺五丁目1501,901-8142,公立,名古屋市,保育所,午前7時30分から午後7時30分,6ヶ月から5歳,延長保育
35.232501,136.923912,如意保育園,90,愛知県名古屋市北区三軒町272,901-3856,公立,名古屋市,保育所,午前7時30分から午後7時30分,6ヶ月から5歳,延長保育
35.18821,136.906343,名城保育園,90,愛知県名古屋市北区名城三丁目3,981-4356,公立,名古屋市,保育所,午前7時30分から午後7時30分,6ヶ月から5歳,延長保育
35.208673,136.913933,鳩岡保育園,100,愛知県名古屋市北区鳩岡二丁目18,913-0015,公立,名古屋市,保育所,午前7時30分から午後7時30分,6ヶ月から5歳,延長保育
NA,NA,上飯田東保育園,90,愛知県名古屋市北区上飯田東町4丁目68,981-9355,公立,名古屋市,保育所,午前7時30分から午後7時30分,6ヶ月から5歳,延長保育
35.200787,136.925533,尾上保育園,90,愛知県名古屋市北区尾上町1,915-8520,公立,名古屋市,保育所,午前7時30分から午後7時30分,6ヶ月から5歳,延長保育
NA,NA,上飯田南保育園,130,愛知県名古屋市北区上飯田南町4,915-1470,公立,名古屋市,保育所,午前7時30分から午後7時30分,6ヶ月から5歳,延長保育
35.223116,136.916046,西味鋺保育園,100,愛知県名古屋市北区西味鋺三丁目227,902-2444,公立,名古屋市,保育所,午前7時30分から午後7時30分,6ヶ月から5歳,延長保育
NA,NA,水草保育園,90,愛知県名古屋市北区水草町2,915-4640,公立,名古屋市,保育所,午前7時30分から午後7時30分,6ヶ月から5歳,延長保育,子育て支援センター
NA,NA,宮前保育園,100,愛知県名古屋市北区上飯田南町4,914-5250,公立,名古屋市,保育所,午前7時30分から午後7時30分,6ヶ月から5歳,延長保育
NA,NA,大野保育園,90,愛知県名古屋市北区大野町5,914-2996,公立,名古屋市,保育所,午前7時30分から午後7時30分,6ヶ月から5歳,延長保育
NA,NA,めいほく保育園,120,愛知県名古屋市北区上飯田南町5,911-1627,私立,社会福祉法人,保育所,午前7時00分から午後10時00分,産休あけから5歳,延長保育,一時保育,子育て支援センター,入所予約,休日保育
NA,NA,川中保育園,120,愛知県名古屋市北区中切町2,914-9607,私立,社会福祉法人,保育所,午前7時00分から午後7時00分,産休あけから5歳,延長保育,一時保育,入所予約
NA,NA,第二めいほく保育園,30,愛知県名古屋市北区上飯田南町1,914-9554,私立,社会福祉法人,保育所,午前7時15分から午後7時30分,産休あけから2歳,延長保育
NA,NA,愛厚大曽根保育園,70,愛知県名古屋市北区芦辺町3,981-0644,私立,社会福祉法人,保育所,午前7時15分から午後7時15分,産休あけから5歳,延長保育
NA,NA,瑠璃光幼児園,80,愛知県名古屋市北区瑠璃光町1,912-5003,私立,宗教法人,保育所,午前7時30分から午後6時00分,1歳6ヶ月から5歳,
NA,NA,徳風幼児園,100,愛知県名古屋市北区辻町4,981-3246,私立,宗教法人,保育所,午前7時30分から午後7時30分,産休あけから5歳,入所予約,延長保育
NA,NA,萩野保育園,225,愛知県名古屋市北区光音寺町2,981-9683,私立,宗教法人,保育所,午前7時00分から午後7時00分,6ヶ月から5歳,延長保育,入所予約
35.229934,136.906262,大和保育園,120,愛知県名古屋市北区大我麻町277,903-4747,私立,社会福祉法人,保育所,午前7時00分から午後7時00分,産休あけから5歳,延長保育,子育て支援センター,入所予約
NA,NA,ほほえみ保育園,110,愛知県名古屋市北区楠4丁目422,902-6001,私立,社会福祉法人,保育所,午前7時00分から午後7時00分,産休あけから5歳,延長保育
NA,NA,アスクあじま保育園,60,愛知県名古屋市北区東味鋺三丁目101,909-5711,私立,社会福祉法人,保育所,午前7時30分から午後7時30分,産休あけから5歳,延長保育
35.228399,136.916642,新生第2保育園,40,愛知県名古屋市北区五反田町297,903-8080,私立,社会福祉法人,保育所,午前7時30分から午後7時30分,産休あけから3歳,延長保育,入所予約
NA,NA,てんちょうくすのき保育園,40,愛知県名古屋市北区西味鋺三丁目813,909-4753,私立,社会福祉法人,保育所,午前7時30分から午後7時30分,6ヶ月から2歳,延長保育
NA,NA,新生東志賀保育園,59,愛知県名古屋市北区志賀町5,917-5077,私立,社会福祉法人,保育所,午前7時30分から午後7時30分,産休あけから2歳,延長保育,入所予約
35.192933,136.908633,あかつき田幡保育園,100,愛知県名古屋市北区柳原三丁目6,325-2216,私立,社会福祉法人,保育所,午前7時30分から午後7時30分,産休あけから5歳,延長保育,入所予約
35.228399,136.916642,新生さくら保育園,73,愛知県名古屋市北区五反田町295,901-0073,私立,社会福祉法人,保育所,午前7時30分から午後7時30分,産休あけから5歳,延長保育,一時保育
NA,NA,黒川ほのぼの保育園,60,愛知県名古屋市北区元志賀町1丁目10,913-5180,私立,社会福祉法人,保育所,午前7時15分から午後7時15分,6ヶ月から5歳,延長保育
NA,NA,スクルドエンジェル保育園あじま園,60,愛知県名古屋市北区中味鋺三丁目904,982-6461,私立,株式会社,保育所,午前7時30分から午後7時30分,6ヶ月から5歳,延長保育
35.191742,136.904519,ちいさなおうちえん城北,10,愛知県名古屋市北区名城二丁目2,911-8800,私立,株式会社,小規模保育事業A型,午前7時30分から午後6時30分,産休あけから2歳,
35.18947,136.93087,小規模保育事業保育ルームルナ3大曽根,15,愛知県名古屋市北区大曽根二丁目3,916-0012,私立,社会福祉法人,小規模保育事業B型,午前7時30分から午後6時30分,産休あけから2歳,
NA,NA,名古屋市ポピンズ保育室志賀公園,15,愛知県名古屋市北区金城町3丁目1,991-2104,私立,株式会社,小規模保育事業B型,午前7時30分から午後6時30分,産休あけから2歳,
35.205043,136.932435,保育室てとろっこ,15,愛知県名古屋市北区上飯田北町二丁目60,918-7600,私立,特定非営利活動法人,小規模保育事業B型,午前7時30分から午後6時30分,産休あけから2歳,
35.194572,136.931932,リーゴ平安通,15,愛知県名古屋市北区平安一丁目9,919-0227,私立,一般財団法人,小規模保育事業A型,午前7時30分から午後6時30分,産休あけから2歳,
NA,NA,めいほくつぼみ保育室,10,愛知県名古屋市北区御成通3丁目20,911-1627,私立,社会福祉法人,小規模保育事業A型,午前7時30分から午後6時30分,産休あけから2歳,
NA,NA,ぽかぽか保育室如意,10,愛知県名古屋市北区桐畑町101,982-6601,私立,株式会社,小規模保育事業B型,午前7時30分から午後6時30分,産休あけから2歳,
35.232169,136.908631,こてとろ保育室,19,愛知県名古屋市北区大我麻町162,982-7871,私立,特定非営利活動法人,小規模保育事業B型,午前7時30分から午後6時30分,産休あけから2歳,
35.196928,136.900552,ALL 4 KIDS チャイルドケア　金城園,19,愛知県名古屋市北区金城二丁目4,325-5341,私立,株式会社,小規模保育事業A型,午前7時30分から午後6時30分,産休あけから2歳,
35.224354,136.916219,保育室はりねずみ,3,愛知県名古屋市北区西味鋺三丁目506,901-5011,私立,個人,家庭的保育事業,午前8時30分から午後4時30分,産休あけから2歳,
NA,NA,保育室らべんだー,3,愛知県名古屋市北区紅雲町29,914-7310,私立,個人,家庭的保育事業,午前8時30分から午後4時30分,産休あけから2歳,
35.190966,136.908893,わけっこ,5,愛知県名古屋市北区柳原三丁目3,916-1931,私立,個人,家庭的保育事業,午前7時30分から午後6時30分,産休あけから2歳,
35.235168,136.921042,こじか保育室,5,愛知県名古屋市北区如意四丁目6,901-1695,私立,個人,家庭的保育事業,午前7時30分から午後6時30分,産休あけから2歳,
35.220912,136.914708,事業所内保育　オアシス,8,愛知県名古屋市北区西味鋺一丁目901,901-5559,私立,社会福祉法人,事業所内保育事業（B型）,午前7時30分から午後6時30分,産休あけから2歳,
35.184648,136.876411,藤の宮保育園,90,愛知県名古屋市西区栄生一丁目24,551-6880,公立,名古屋市,保育所,午前7時30分から午後7時30分,6ヶ月から5歳,延長保育,子育て支援センター
35.194131,136.895477,上名古屋保育園,100,愛知県名古屋市西区上名古屋二丁目26,531-6544,公立,名古屋市,保育所,午前7時30分から午後7時30分,産休あけから5歳,延長保育
35.229356,136.858869,野南保育園,90,愛知県名古屋市西区野南町68,503-4343,公立,名古屋市,保育所,午前7時30分から午後7時30分,6ヶ月から5歳,延長保育
35.229138,136.893953,比良西保育園,100,愛知県名古屋市西区清里町126,502-7076,公立,名古屋市,保育所,午前7時30分から午後7時30分,6ヶ月から5歳,延長保育
35.218055,136.895957,幼保連携型認定こども園寺子屋大の木,125,愛知県名古屋市西区大野木二丁目135,501-1435,私立,社会福祉法人,幼保連携型認定こども園,午前7時15分から午後7時15分,産休あけから5歳,延長保育,子育て支援センター,入所予約
NA,NA,オアシスこども園,63,愛知県名古屋市西区大野木四丁目43,501-8117,私立,社会福祉法人,幼保連携型認定こども園,午前7時30分から午後7時30分,産休あけから5歳,延長保育
35.227598,136.869568,平田保育園,150,愛知県名古屋市西区平出町87,501-8820,私立,社会福祉法人,保育所,午前7時00分から午後7時00分,産休あけから5歳,延長保育,一時保育,子育て支援センター,入所予約
35.186204,136.878615,名古屋厚生会館第一保育園,261,愛知県名古屋市西区栄生一丁目2,565-0175,私立,社会福祉法人,保育所,午前7時30分から午後7時30分,産休あけから5歳,延長保育,入所予約
35.187435,136.880323,名古屋厚生会館第二保育園,207,愛知県名古屋市西区名西一丁目10,523-0880,私立,社会福祉法人,保育所,午前7時30分から午後7時30分,産休あけから5歳,延長保育,入所予約
35.219387,136.881897,上小田井保育園,210,愛知県名古屋市西区南川町110,502-1001,私立,社会福祉法人,保育所,午前7時00分から午後7時00分,産休あけから5歳,延長保育,子育て支援センター,入所予約
35.189051,136.885595,新生保育園,100,愛知県名古屋市西区天神山町3,522-7608,私立,社会福祉法人,保育所,午前7時30分から午後7時30分,産休あけから5歳,延長保育,一時保育,入所予約
35.196381,136.899201,あかつき保育園,169,愛知県名古屋市西区上名古屋四丁目13,531-0928,私立,社会福祉法人,保育所,午前7時00分から午後7時30分,産休あけから5歳,延長保育,一時保育,子育て支援センター,入所予約,休日保育
35.196624,136.886789,まこと保育園,90,愛知県名古屋市西区児玉二丁目24,531-3980,私立,個人,保育所,午前7時30分から午後6時30分,6ヶ月から5歳,
NA,NA,あけぼの保育園,110,愛知県名古屋市西区天塚町1,531-3858,私立,社会福祉法人,保育所,午前7時15分から午後7時15分,産休あけから5歳,延長保育,入所予約
35.223558,136.87431,まんぼう保育園,59,愛知県名古屋市西区貴生町164,501-9666,私立,社会福祉法人,保育所,午前7時00分から午後7時00分,産休あけから5歳,延長保育
35.225785,136.856765,うきの風の子保育園,120,愛知県名古屋市西区浮野町97,505-9550,私立,社会福祉法人,保育所,午前7時30分から午後7時30分,産休あけから5歳,延長保育,一時保育,入所予約
NA,NA,上小田井第二保育園,60,愛知県名古屋市西区市場木町440,505-5512,私立,社会福祉法人,保育所,午前7時00分から午後7時00分,産休あけから5歳,延長保育,入所予約
35.22658,136.863723,詩織保育園,69,愛知県名古屋市西区西原町88,938-3253,私立,社会福祉法人,保育所,午前7時30分から午後7時30分,産休あけから5歳,延長保育
35.226648,136.900323,比良すみれ保育園,90,愛知県名古屋市西区比良二丁目175,505-5777,私立,社会福祉法人,保育所,午前7時00分から午後7時00分,産休あけから5歳,延長保育
35.186241,136.885813,エンゼルキッズ押切,40,愛知県名古屋市西区押切一丁目9,325-6800,私立,学校法人,保育所,午前7時00分から午後7時00分,産休あけから3歳,延長保育
35.208095,136.889423,エンゼルキッズ名塚,40,愛知県名古屋市西区名塚町四丁目49,325-6900,私立,学校法人,保育所,午前7時00分から午後7時00分,産休あけから3歳,延長保育
NA,NA,リーゴ五才美保育園,60,愛知県名古屋市西区五才美町57,504-2800,私立,一般財団法人,保育所,午前7時30分から午後7時30分,6ヶ月から5歳,延長保育
NA,NA,ちゃいれっく南堀越保育園,60,愛知県名古屋市西区南堀越一丁目607,325-2406,私立,株式会社,保育所,午前7時00分から午後8時00分,6ヶ月から5歳,延長保育
NA,NA,トット保育園庄内通,60,愛知県名古屋市西区香呑町6丁目2,522-2281,私立,株式会社,保育所,午前7時30分から午後7時30分,6ヶ月から5歳,延長保育
NA,NA,リーゴ上小田井保育園,60,愛知県名古屋市西区中小田井四丁目409,503-9700,私立,一般財団法人,保育所,午前7時30分から午後7時30分,6ヶ月から5歳,延長保育
NA,NA,ちいさなおうちえん城西,15,愛知県名古屋市西区城西4,522-2277,私立,株式会社,小規模保育事業A型,午前7時30分から午後6時30分,産休あけから2歳,
35.195001,136.890971,ニチイキッズ浄心保育室,14,愛知県名古屋市西区上名古屋三丁目25,522-1055,私立,株式会社,小規模保育事業B型,午前7時30分から午後6時30分,産休あけから2歳,
NA,NA,名古屋市家庭保育室オアシス名西,15,愛知県名古屋市西区又穂町4,325-6000,私立,社会福祉法人,小規模保育事業B型,午前7時30分から午後6時30分,産休あけから2歳,
NA,NA,小規模保育事業ソラーナじょうさい,19,愛知県名古屋市西区城西5丁目22,982-8345,私立,社会福祉法人,小規模保育事業A型,午前7時30分から午後6時30分,産休あけから2歳,
35.189051,136.885595,ふたば館,11,愛知県名古屋市西区天神山町3,522-7608,私立,社会福祉法人,小規模保育事業A型,午前7時30分から午後6時30分,産休あけから2歳,
35.211759,136.874711,チャイルドほーむ小田井園,15,愛知県名古屋市西区中小田井二丁目34,502-6960,私立,株式会社,小規模保育事業A型,午前7時30分から午後6時30分,産休あけから2歳,
35.232331,136.898594,すもも保育室,5,愛知県名古屋市西区比良四丁目149,504-0383,私立,個人,家庭的保育事業,午前7時30分から午後6時30分,産休あけから2歳,
NA,NA,新富町保育園,90,愛知県名古屋市中村区新富町2,471-6419,公立,名古屋市,保育所,午前7時30分から午後6時30分,6ヶ月から5歳,
35.164212,136.881104,平池保育園,90,愛知県名古屋市中村区太閤一丁目17,451-8997,公立,名古屋市,保育所,午前7時30分から午後7時30分,6ヶ月から5歳,延長保育
NA,NA,二ツ橋保育園,90,愛知県名古屋市中村区二ツ橋町3,481-3500,公立,名古屋市,保育所,午前7時30分から午後7時30分,6ヶ月から5歳,延長保育
NA,NA,森田保育園,90,愛知県名古屋市中村区森田町1,481-2401,公立,名古屋市,保育所,午前7時30分から午後7時30分,6ヶ月から5歳,延長保育
NA,NA,烏森保育園,90,愛知県名古屋市中村区烏森町8,481-2377,公立,名古屋市,保育所,午前7時30分から午後7時30分,6ヶ月から5歳,延長保育
NA,NA,荒輪井保育園,120,愛知県名古屋市中村区荒輪井町1,411-7200,公立,名古屋市,保育所,午前7時30分から午後7時30分,産休あけから5歳,延長保育,入所予約
NA,NA,稲葉地保育園,310,愛知県名古屋市中村区稲葉地町3,411-9557,私立,社会福祉法人,保育所,午前7時15分から午後7時15分,6ヶ月から5歳,延長保育,入所予約
NA,NA,日吉保育園,300,愛知県名古屋市中村区千成通3,482-1171,私立,社会福祉法人,保育所,午前7時00分から午後7時00分,6ヶ月から5歳,延長保育,一時保育
35.174677,136.882893,永信保育園,110,愛知県名古屋市中村区名駅二丁目37,571-0924,私立,社会福祉法人,保育所,午前7時00分から午後8時00分,産休あけから5歳,延長保育,一時保育,子育て支援センター,入所予約
NA,NA,千成保育園,60,愛知県名古屋市中村区千成通5,482-1940,私立,社会福祉法人,保育所,午前7時30分から午後6時30分,産休あけから3歳,
NA,NA,中村保育園,286,愛知県名古屋市中村区中村町加藤屋敷3,482-4020,私立,社会福祉法人,保育所,午前7時00分から午後8時00分,産休あけから5歳,延長保育,子育て支援センター,入所予約,休日保育
35.155085,136.85025,並木保育園,100,愛知県名古屋市中村区並木一丁目23,411-2325,私立,社会福祉法人,保育所,午前7時15分から午後7時15分,6ヶ月から5歳,延長保育
NA,NA,愛厚つみき保育園,30,愛知県名古屋市中村区道下町4,471-5516,私立,社会福祉法人,保育所,午前7時30分から午後6時30分,産休あけから2歳,
35.156461,136.863979,柳保育園,190,愛知県名古屋市中村区高須賀町24,471-7842,私立,宗教法人,保育所,午前7時45分から午後6時00分,8か月から5歳,
35.176605,136.876329,けやきの木保育園,130,愛知県名古屋市中村区亀島一丁目5,454-3733,私立,社会福祉法人,保育所,午前7時15分から午後8時15分,産休あけから5歳,延長保育,一時保育,子育て支援センター,入所予約
NA,NA,びわの実保育園,40,愛知県名古屋市中村区高道町6,486-7170,私立,社会福祉法人,保育所,午前7時15分から午後7時15分,産休あけから3歳,延長保育
NA,NA,ゆめの樹保育園,60,愛知県名古屋市中村区日比津町3,462-9331,私立,社会福祉法人,保育所,午前7時00分から午後7時00分,産休あけから5歳,延長保育
35.148187,136.835415,たかなしの森保育園,60,愛知県名古屋市中村区横井一丁目129,462-1831,私立,社会福祉法人,保育所,午前7時15分から午後7時15分,産休あけから5歳,延長保育
NA,NA,ささしまちとせ保育園,60,愛知県名古屋市中村区平池町4,589-6530,私立,社会福祉法人,保育所,午前7時00分から午後7時00分,6ヶ月から5歳,延長保育
35.157131,136.845978,御田クローバー保育園,100,愛知県名古屋市中村区岩塚町四丁目10,412-5123,私立,社会福祉法人,保育所,午前7時30分から午後7時30分,産休あけから5歳,延長保育,入所予約
NA,NA,岩塚そらいろ保育園,90,愛知県名古屋市中村区岩塚本通5丁目16,462-8761,私立,社会福祉法人,保育所,午前7時00分から午後7時00分,6ヶ月から5歳,延長保育
NA,NA,ちいさなおうちえん中村,10,愛知県名古屋市中村区牛田通3丁目9,482-9538,私立,株式会社,小規模保育事業A型,午前7時30分から午後6時30分,産休あけから2歳,
NA,NA,リーゴ岩塚,15,愛知県名古屋市中村区烏森町5丁目38,414-5375,私立,一般財団法人,小規模保育事業A型,午前7時30分から午後6時30分,産休あけから2歳,
NA,NA,小規模保育事業ソラーナほんじん,15,愛知県名古屋市中村区十王町2丁目20,485-8841,私立,社会福祉法人,小規模保育事業A型,午前7時30分から午後6時30分,産休あけから2歳,
35.176493,136.867273,保育室くれよん,15,愛知県名古屋市中村区大秋町一丁目1,483-0620,私立,特定非営利活動法人,小規模保育事業C型,午前7時30分から午後6時30分,産休あけから2歳,
35.183672,136.863139,小規模保育事業所　ひだまり,14,愛知県名古屋市中村区高道町三丁目1,483-3539,私立,特定非営利活動法人,小規模保育事業C型,午前7時30分から午後6時30分,産休あけから2歳,
NA,NA,中村保育園　わくわく館,19,愛知県名古屋市中村区鳥居西通1丁目1,446-6326,私立,社会福祉法人,小規模保育事業B型,午前7時30分から午後6時30分,産休あけから2歳,
NA,NA,ウィズブック保育室　中村区役所,19,愛知県名古屋市中村区郷前町1丁目6,446-5121,私立,株式会社,小規模保育事業A型,午前7時30分から午後6時30分,産休あけから2歳,
35.168698,136.89086,アクアタウン保育ルーム,10,愛知県名古屋市中村区名駅五丁目33,562-5005,私立,株式会社,小規模保育事業A型,午前7時30分から午後6時30分,産休あけから2歳,
NA,NA,どりーむ館,19,愛知県名古屋市中村区西栄70,444-5566,私立,社会福祉法人,小規模保育事業A型,午前7時30分から午後6時30分,産休あけから2歳,
35.150958,136.905739,中保育園,100,愛知県名古屋市中区大井町2,321-1010,公立,名古屋市,保育所,午前7時30分から午後7時30分,産休あけから5歳,延長保育,子育て支援センター
35.15844,136.911358,大池保育園,100,愛知県名古屋市中区千代田二丁目4,251-3944,公立,名古屋市,保育所,午前7時30分から午後7時30分,6ヶ月から5歳,延長保育,一時保育,子育て支援センター
35.147434,136.898741,認定こども園正木幼児園,125,愛知県名古屋市中区古渡町16,331-9327,私立,宗教法人,保育所型認定こども園,午前7時30分から午後6時30分,8ヶ月から5歳,
35.165393,136.924613,衆善会保育園,100,愛知県名古屋市中区新栄三丁目33,264-4872,私立,社会福祉法人,保育所,午前7時00分から午後7時00分,産休あけから5歳,延長保育,入所予約
NA,NA,栄保育園,60,愛知県名古屋市中区新栄町2,971-3473,私立,一般財団法人,保育所,午前8時00分から午後6時00分,8ヶ月から5歳,
35.153639,136.901243,松原幼児園,250,愛知県名古屋市中区橘一丁目21,321-5307,私立,宗教法人,保育所,午前8時00分から午後6時00分,10ヶ月から5歳,
35.1587,136.917947,ナザレ保育園,108,愛知県名古屋市中区千代田五丁目15,241-6590,私立,社会福祉法人,保育所,午前7時15分から午後7時15分,8ヶ月から5歳,延長保育
35.165393,136.924613,衆善会夜間保育園,20,愛知県名古屋市中区新栄三丁目33,243-5037,私立,社会福祉法人,保育所,午前11時00分から午前1時00分,8ヶ月から5歳,延長保育,夜間保育
NA,NA,栄夜間保育園,30,愛知県名古屋市中区新栄町2,953-3514,私立,一般財団法人,保育所,午後 1時00分から午前1時00分,8ヶ月から5歳,延長保育,夜間保育
35.146664,136.900909,かわらまち夜間保育園,30,愛知県名古屋市中区金山一丁目2,323-2650,私立,社会福祉法人,保育所,午前11時00分から午前1時00分,産休あけから5歳,延長保育,休日保育,夜間保育
35.146664,136.900909,かわらまち保育園,50,愛知県名古屋市中区金山一丁目2,323-2650,私立,社会福祉法人,保育所,午前7時00分から午前0時00分,産休あけから5歳,延長保育,一時保育
35.178884,136.899128,あかつき三の丸保育園,30,愛知県名古屋市中区三の丸一丁目7,218-7716,私立,社会福祉法人,保育所,午前7時00分から午後7時00分,産休明けから3歳,延長保育
35.150582,136.904492,ぶどうの樹保育園,40,愛知県名古屋市中区大井町1,331-9500,私立,社会福祉法人,保育所,午前7時30分から午後7時30分,産休明けから3歳,延長保育
35.176496,136.90443,E−スカイ幼児園,60,愛知県名古屋市中区丸の内三丁目8,973-0221,私立,社会福祉法人,保育所,午前7時00分から午後7時00分,産休あけから5歳,延長保育
NA,NA,ぶどうの実保育園,60,愛知県名古屋市中区千代田三丁目31−6,322-2002,私立,社会福祉法人,保育所,午前7時30分から午後7時30分,産休あけから5歳,延長保育
35.149949,136.904051,ちゃいれっく東別院駅前保育園,60,愛知県名古屋市中区平和一丁目1,228-8605,私立,株式会社,保育所,午前7時00分から午後8時00分,6ヶ月から5歳,延長保育
35.145695,136.900812,ぽっぽ第一保育園,20,愛知県名古屋市中区金山一丁目7,253-8154,私立,株式会社,保育所,午前7時30分から午後6時30分,産休あけから2歳,
35.174575,136.89864,小規模保育事業保育ルームルナ2丸の内,15,愛知県名古屋市中区丸の内二丁目15,202-0035,私立,社会福祉法人,小規模保育事業B型,午前7時30分から午後6時30分,産休あけから2歳,
35.168764,136.922306,小規模保育事業保育ルームルナ4新栄,15,愛知県名古屋市中区新栄二丁目9,263-0251,私立,社会福祉法人,小規模保育事業B型,午前7時30分から午後6時30分,産休あけから2歳,
35.167792,136.919002,小規模保育事業保育ルームルナ6新栄葵,15,愛知県名古屋市中区新栄一丁目7,252-0061,私立,社会福祉法人,小規模保育事業B型,午前7時30分から午後6時30分,産休あけから2歳,
35.152372,136.89962,ウィズブック保育室　東別院,19,愛知県名古屋市中区橘二丁目3,228-6852,私立,株式会社,小規模保育事業A型,午前7時30分から午後6時30分,産休あけから2歳,
35.158827,136.899698,はな保育室おおすかんのん前,19,愛知県名古屋市中区大須二丁目26,265-5771,私立,株式会社,小規模保育事業A型,午前7時30分から午後6時30分,産休あけから2歳,
35.147425,136.914722,白金保育園,120,愛知県名古屋市昭和区白金一丁目20,881-3021,公立,名古屋市,保育所,午前7時30分から午後7時30分,産休あけから5歳,延長保育,子育て支援センター,入所予約
NA,NA,安田保育園,90,愛知県名古屋市昭和区安田通2,763-2135,公立,名古屋市,保育所,午前7時30分から午後7時30分,6ヶ月から5歳,延長保育
NA,NA,南山ルンビニー園,130,愛知県名古屋市昭和区南山町5,832-6305,私立,社会福祉法人,幼保連携型認定こども園,午前7時00分から午後7時00分,産休あけから5歳,延長保育,入所予約,休日保育
NA,NA,名広愛児園,144,愛知県名古屋市昭和区車田町1,731-2131,私立,社会福祉法人,保育所,午前7時30分から午後7時30分,産休あけから5歳,延長保育,入所予約
NA,NA,駒方保育園,120,愛知県名古屋市昭和区駒方町3,831-8304,私立,社会福祉法人,保育所,午前7時00分から午後7時00分,産休あけから5歳,延長保育,一時保育
NA,NA,愛厚昭和荘保育園,150,愛知県名古屋市昭和区向山町1,761-9758,私立,社会福祉法人,保育所,午前7時15分から午後7時15分,産休あけから5歳,延長保育,入所予約
35.143211,136.958104,いりなか保育園,70,愛知県名古屋市昭和区滝川町93,832-0014,私立,社会福祉法人,保育所,午前7時15分から午後7時15分,産休あけから5歳,延長保育,一時保育,子育て支援センター,入所予約
35.157756,136.921138,ひまわり保育園,60,愛知県名古屋市昭和区鶴舞町65,733-7622,私立,社会福祉法人,保育所,午前7時15分から午後7時15分,産休あけから5歳,延長保育
NA,NA,池内わらべ保育園,102,愛知県名古屋市昭和区明月町3,853-3820,私立,社会福祉法人,保育所,午前7時15分から午後7時15分,産休あけから5歳,延長保育,一時保育
35.145043,136.961669,やまさと保育園,120,愛知県名古屋市昭和区山里町85,833-7318,私立,社会福祉法人,保育所,午前7時00分から午後7時00分,産休あけから5歳,延長保育
35.141576,136.958145,まこと幼児園,80,愛知県名古屋市昭和区滝川町17,835-1808,私立,宗教法人,保育所,午前7時00分から午後7時00分,2歳から5歳,延長保育
35.149187,136.924153,瑞雲保育園,110,愛知県名古屋市昭和区御器所三丁目1,881-0648,私立,宗教法人,保育所,午前7時00分から午後8時00分,6ヶ月から5歳,延長保育
NA,NA,松栄保育園,70,愛知県名古屋市昭和区塩付通6,841-2057,私立,社会福祉法人,保育所,午前7時30分から午後7時30分,6ヶ月から5歳,延長保育
35.145065,136.918948,昭和保育園,110,愛知県名古屋市昭和区村雲町19,881-9756,私立,個人,保育所,午前7時00分から午後6時00分,産休あけから5歳,
NA,NA,さくら保育園,60,愛知県名古屋市昭和区鶴羽町1,753-7214,私立,社会福祉法人,保育所,午前7時00分から午後7時00分,産休あけから5歳,延長保育
NA,NA,たきこ幼児園,90,愛知県名古屋市昭和区永金町1,882-0467,私立,社会福祉法人,保育所,午前7時30分から午後7時30分,6ヶ月から5歳,延長保育
NA,NA,アイン楽園町保育園,60,愛知県名古屋市昭和区楽園町13−1,833-7105,私立,株式会社,保育所,午前7時00分から午後7時00分,6ヶ月から5歳,延長保育
NA,NA,もんもの花保育室,15,愛知県名古屋市昭和区白金1,626-5915,私立,特定非営利活動法人,小規模保育事業A型,午前7時30分から午後6時30分,産休あけから2歳,
NA,NA,ニチイキッズ川名保育室,14,愛知県名古屋市昭和区折戸町5丁目40,764-3400,私立,株式会社,小規模保育事業B型,午前7時30分から午後6時30分,産休あけから2歳,
35.14846,136.955526,小規模保育事業ソラーナいりなか,15,愛知県名古屋市昭和区川名山町1,753-7874,私立,社会福祉法人,小規模保育事業A型,午前7時30分から午後6時30分,産休あけから2歳,
35.147182,136.964206,キッズガーデン八事,19,愛知県名古屋市昭和区山里町66,893-7560,私立,株式会社,小規模保育事業A型,午前7時30分から午後6時30分,産休あけから2歳,
35.152674,136.916488,リーゴ鶴舞,19,愛知県名古屋市昭和区鶴舞二丁目7,626-7005,私立,一般財団法人,小規模保育事業A型,午前7時30分から午後6時30分,産休あけから2歳,
NA,NA,ほしの子愛児園,13,愛知県名古屋市昭和区荒田町3丁目17,893-9328,私立,個人,小規模保育事業B型,午前7時30分から午後6時30分,産休あけから2歳,
35.149821,136.927025,スクルドエンジェル保育室　ごきそ園,19,愛知県名古屋市昭和区御器所通一丁目7,732-0061,私立,株式会社,小規模保育事業A型,午前7時30分から午後6時30分,産休あけから2歳,
NA,NA,直来保育園,90,愛知県名古屋市瑞穂区直来町5,881-4750,公立,名古屋市,保育所,午前7時30分から午後7時30分,6ヶ月から5歳,延長保育
NA,NA,東栄保育園,120,愛知県名古屋市瑞穂区東栄町1,841-0477,公立,名古屋市,保育所,午前7時30分から午後7時30分,6ヶ月から5歳,延長保育
NA,NA,軍水保育園,100,愛知県名古屋市瑞穂区軍水町1,833-8733,公立,名古屋市,保育所,午前7時30分から午後7時30分,産休あけから5歳,延長保育,子育て支援センター
35.123119,136.917443,新開保育園,90,愛知県名古屋市瑞穂区新開町24,882-0991,公立,名古屋市,保育所,午前7時30分から午後6時30分,6ヶ月から5歳,
NA,NA,黎明保育園,216,愛知県名古屋市瑞穂区河岸町3,811-7052,私立,社会福祉法人,幼保連携型認定こども園,午前7時00分から午後7時00分,5ヶ月から5歳,延長保育
35.118228,136.925515,天使保育園,83,愛知県名古屋市瑞穂区苗代町19,811-3503,私立,宗教法人,保育所型認定こども園,午前7時15分から午後7時15分,産休あけから5歳,延長保育,子育て支援センター,入所予約
NA,NA,たんぽぽ保育園,80,愛知県名古屋市瑞穂区洲山町3,841-0902,私立,社会福祉法人,保育所,午前7時00分から午前0時00分,産休あけから5歳,延長保育,一時保育,入所予約
NA,NA,こすもす保育園,100,愛知県名古屋市瑞穂区初日町2,834-0081,私立,社会福祉法人,保育所,午前7時00分から午後8時00分,産休あけから5歳,延長保育,子育て支援センター,入所予約,休日保育
NA,NA,豊岡保育園,100,愛知県名古屋市瑞穂区内方町2,841-9545,私立,社会福祉法人,保育所,午前7時30分から午後6時30分,6ヶ月から5歳,
NA,NA,東愛保育園,100,愛知県名古屋市瑞穂区前田町1,853-3009,私立,社会福祉法人,保育所,午前7時30分から午後7時30分,産休あけから5歳,延長保育
NA,NA,若葉保育園,128,愛知県名古屋市瑞穂区甲山町1,841-5975,私立,宗教法人,保育所,午前7時00分から午後7時00分,6ヶ月から5歳,延長保育
NA,NA,中山保育園,60,愛知県名古屋市瑞穂区中山町2,851-2414,私立,宗教法人,保育所,午前7時15分から午後7時15分,産休あけから5歳,延長保育,一時保育
NA,NA,大法寺愛児園,90,愛知県名古屋市瑞穂区雁道町2,881-0151,私立,宗教法人,保育所,午前7時30分から午後6時30分,6ヶ月から5歳,
NA,NA,ちばな保育園,90,愛知県名古屋市瑞穂区直来町5,881-7685,私立,宗教法人,保育所,午前7時30分から午後6時30分,産休あけから5歳,
NA,NA,お茶の花幼児園,70,愛知県名古屋市瑞穂区弥富通4,831-7588,私立,個人,保育所,午前8時00分から午後6時00分,10ヶ月から5歳,
NA,NA,すずらん幼児園,90,愛知県名古屋市瑞穂区白竜町1,841-6901,私立,個人,保育所,午前7時30分から午後6時30分,6ヶ月から5歳,
NA,NA,新瑞幼児園,120,愛知県名古屋市瑞穂区姫宮町2,851-0663,私立,個人,保育所,午前8時00分から午後6時00分,8ヶ月から5歳,
NA,NA,さざんか保育園,40,愛知県名古屋市瑞穂区村上町2,841-5743,私立,社会福祉法人,保育所,午前7時00分から午後7時30分,産休あけから3歳,延長保育,入所予約
NA,NA,日向さくら保育園,60,愛知県名古屋市瑞穂区日向町2丁目13,838-9261,私立,社会福祉法人,保育所,午前7時15分から午後7時15分,産休あけから5歳,延長保育
35.114584,136.95829,ななくさ保育園,60,愛知県名古屋市瑞穂区井の元町168,833-7811,私立,社会福祉法人,保育所,午前7時00分から午後7時00分,6ヶ月から5歳,延長保育
35.127397,136.952511,リーゴ八勝通,15,愛知県名古屋市瑞穂区八勝通一丁目14,861-7258,私立,一般財団法人,小規模保育事業B型,午前7時30分から午後6時30分,産休あけから2歳,
NA,NA,リーゴ新瑞橋,19,愛知県名古屋市瑞穂区弥富通一丁目41,836-7122,私立,一般財団法人,小規模保育事業A型,午前7時30分から午後6時30分,産休あけから2歳,
NA,NA,ウィズブック保育室　瑞穂,19,愛知県名古屋市瑞穂区豊岡通3丁目49,680-7843,私立,株式会社,小規模保育事業A型,午前7時30分から午後6時30分,産休あけから2歳,
NA,NA,小規模保育事業所コッコちゃんルーム,19,愛知県名古屋市瑞穂区田辺通4丁目25,836-7090,私立,社会福祉法人,小規模保育事業A型,午前7時30分から午後6時30分,産休あけから2歳,
NA,NA,ALL 4 KIDS チャイルドケア　穂波園,19,愛知県名古屋市瑞穂区内浜町4丁目8,626-4006,私立,株式会社,小規模保育事業A型,午前7時30分から午後6時30分,産休あけから2歳,
35.135431,136.904338,高蔵保育園,120,愛知県名古屋市熱田区高蔵町9,671-1393,公立,名古屋市,保育所,午前7時30分から午後7時30分,産休あけから5歳,延長保育,子育て支援センター,入所予約
35.126393,136.89507,宮西保育園,90,愛知県名古屋市熱田区一番三丁目2,682-6580,公立,名古屋市,保育所,午前7時30分から午後7時30分,6ヶ月から5歳,延長保育
35.129172,136.914782,神宮東保育園,90,愛知県名古屋市熱田区三本松町23,882-9234,公立,名古屋市,保育所,午前7時30分から午後7時30分,6ヶ月から5歳,延長保育
35.134811,136.900012,認定こども園高蔵幼児園,430,愛知県名古屋市熱田区尾頭町3,671-3570,私立,宗教法人,保育所型認定こども園,午前7時45分から午後6時00分,10か月から5歳,
35.123159,136.905958,泉坊保育園,90,愛知県名古屋市熱田区白鳥三丁目6,682-5150,私立,社会福祉法人,保育所,午前7時30分から午後6時00分,産休あけから5歳,
35.120665,136.896987,のぎく保育園,90,愛知県名古屋市熱田区一番二丁目46,653-3952,私立,社会福祉法人,保育所,午前7時15分から午後8時15分,産休あけから5歳,延長保育,子育て支援センター,入所予約,休日保育
35.139264,136.889772,明野保育園,80,愛知県名古屋市熱田区明野町10,671-8611,私立,社会福祉法人,保育所,午前7時00分から午後7時00分,産休あけから5歳,延長保育,入所予約
35.130943,136.893381,日比野保育園,140,愛知県名古屋市熱田区大宝三丁目5,682-0081,私立,宗教法人,保育所,午前7時15分から午後7時15分,5ヶ月から5歳,延長保育,一時保育,入所予約
35.125292,136.898343,一番町保育園,98,愛知県名古屋市熱田区一番一丁目19,671-1745,私立,宗教法人,保育所,午前7時20分から午後7時20分,6ヶ月から5歳,延長保育
35.114443,136.89727,千年保育園,170,愛知県名古屋市熱田区千年二丁目28,661-0922,私立,個人,保育所,午前7時30分から午後6時30分,6ヶ月から5歳,
35.140748,136.901418,金山保育園,90,愛知県名古屋市熱田区金山町一丁目15,671-6847,私立,社会福祉法人,保育所,午前7時00分から午後7時00分,産休あけから5歳,延長保育
35.121884,136.890424,船方保育園,130,愛知県名古屋市熱田区四番二丁目8,661-0828,私立,個人,保育所,午前7時45分から午後6時00分,6ヶ月から5歳,
35.127748,136.916121,花表こばと保育園,60,愛知県名古屋市熱田区花表町4,626-6031,私立,社会福祉法人,保育所,午前7時15分から午後7時15分,産休あけから5歳,延長保育
35.138338,136.903064,ぽかぽか保育室　高蔵,15,愛知県名古屋市熱田区沢上一丁目5,265-8105,私立,株式会社,小規模保育事業B型,午前7時30分から午後6時30分,産休あけから2歳,
NA,NA,小規模保育事業ソラーナひびの,15,愛知県名古屋市熱田区中出町2丁目22,228-7880,私立,社会福祉法人,小規模保育事業A型,午前7時30分から午後6時30分,産休あけから2歳,
NA,NA,ぽかぽか保育室　大宝,15,愛知県名古屋市熱田区大宝4,684-7234,私立,株式会社,小規模保育事業B型,午前7時30分から午後6時30分,産休あけから2歳,
35.123519,136.90289,スクルドエンジェル保育室しろとり園,18,愛知県名古屋市熱田区白鳥町201,682-6868,私立,株式会社,小規模保育事業B型,午前7時30分から午後6時30分,産休あけから2歳,
35.136622,136.909797,イオンモール熱田保育室,15,愛知県名古屋市熱田区六野一丁目2,884-0271,私立,個人,小規模保育事業B型,午前7時30分から午後6時30分,産休あけから2歳,
35.120711,136.888007,乳児保育　六番町園,19,愛知県名古屋市熱田区六番二丁目8,364-8765,私立,個人,小規模保育事業B型,午前7時30分から午後6時30分,産休あけから2歳,
35.136622,136.909797,チャイルドほーむ熱田園,19,愛知県名古屋市熱田区六野一丁目2,746-4510,私立,株式会社,小規模保育事業A型,午前7時30分から午後6時30分,6ヶ月から2歳,
35.119875,136.833169,正色第一保育園,85,愛知県名古屋市中川区下之一色町字中ノ切63,301-8901,公立,名古屋市,保育所,午前7時30分から午後6時30分,6ヶ月から5歳,
35.127408,136.83348,正色第二保育園,85,愛知県名古屋市中川区下之一色町字宮分23,301-8902,公立,名古屋市,保育所,午前7時30分から午後7時30分,6ヶ月から5歳,延長保育,子育て支援センター
NA,NA,富田第一保育園,100,愛知県名古屋市中川区富田町大字千音寺字西福正3556,431-6725,公立,名古屋市,保育所,午前7時30分から午後7時30分,6ヶ月から5歳,延長保育
35.144665,136.803487,富田第二保育園,120,愛知県名古屋市中川区戸田明正三丁目401,431-1493,公立,名古屋市,保育所,午前7時30分から午後7時30分,6ヶ月から5歳,延長保育,子育て支援センター
NA,NA,十番保育園,90,愛知県名古屋市中川区十番町3,652-3766,公立,名古屋市,保育所,午前7時30分から午後6時30分,6ヶ月から5歳,
NA,NA,畑田保育園,90,愛知県名古屋市中川区畑田町2,382-7008,公立,名古屋市,保育所,午前7時30分から午後7時30分,6ヶ月から5歳,延長保育
35.147469,136.809525,富田第三保育園,90,愛知県名古屋市中川区戸田明正一丁目405,431-6615,公立,名古屋市,保育所,午前7時30分から午後7時30分,6ヶ月から5歳,延長保育
NA,NA,豊成保育園,90,愛知県名古屋市中川区豊成町101,362-8060,公立,名古屋市,保育所,午前7時30分から午後7時30分,6ヶ月から5歳,延長保育,子育て支援センター
NA,NA,中島保育園,100,愛知県名古屋市中川区中島新町2,362-8207,公立,名古屋市,保育所,午前7時30分から午後7時30分,産休あけから5歳,延長保育,子育て支援センター,休日保育
NA,NA,松操保育園,254,愛知県名古屋市中川区小本本町3,361-3067,私立,個人,保育所型認定こども園,午前7時30分から午後6時30分,6ヶ月から5歳,
NA,NA,中野保育園,143,愛知県名古屋市中川区丹後町1,361-5840,私立,個人,保育所型認定こども園,午前7時15分から午後6時15分,産休あけから5歳,
NA,NA,おひさまこどもえん,60,愛知県名古屋市中川区富田町大字榎津字西ナコラ295,364-8787,私立,学校法人,幼保連携型認定こども園,午前7時15分から午後7時15分,6ヶ月から5歳,延長保育
35.14157,136.885597,中川保育園,195,愛知県名古屋市中川区荒江町13,361-0824,私立,社会福祉法人,保育所,午前7時00分から午後7時00分,産休あけから5歳,延長保育,入所予約
35.127428,136.826686,みかづき保育園,210,愛知県名古屋市中川区一色新町三丁目707,303-1001,私立,社会福祉法人,保育所,午前7時00分から午後7時00分,産休あけから5歳,延長保育,入所予約
NA,NA,和光保育園,160,愛知県名古屋市中川区東起町1,381-8061,私立,社会福祉法人,保育所,午前7時15分から午後7時15分,6ヶ月から5歳,延長保育
35.122497,136.832247,正雲寺保育園,115,愛知県名古屋市中川区下之一色町字西ノ切49,303-4450,私立,社会福祉法人,保育所,午前7時15分から午後7時15分,産休あけから5歳,延長保育,入所予約
35.142958,136.88357,白雲幼児園,189,愛知県名古屋市中川区五女子二丁目11,361-1741,私立,社会福祉法人,保育所,午前7時15分から午後7時15分,産休あけから5歳,延長保育
35.136534,136.841529,打出保育園,290,愛知県名古屋市中川区打出二丁目26,362-5728,私立,社会福祉法人,保育所,午前7時45分から午後6時00分,産休あけから5歳,一時保育
NA,NA,篠原保育園,276,愛知県名古屋市中川区上脇町2,363-0550,私立,宗教法人,保育所,午前7時30分から午後6時30分,産休あけから5歳,一時保育,入所予約
NA,NA,清凉保育園,45,愛知県名古屋市中川区五女子町4,355-2527,私立,社会福祉法人,保育所,午前7時30分から午後7時30分,産休あけから5歳,延長保育
35.13845,136.808041,戸田保育園,60,愛知県名古屋市中川区戸田三丁目904,303-8121,私立,宗教法人,保育所,午前7時45分から午後6時00分,11ヶ月から5歳,
35.157816,136.890275,ひおき保育園,120,愛知県名古屋市中川区西日置一丁目5,331-2880,私立,社会福祉法人,保育所,午前7時00分から午後7時00分,6ヶ月から5歳,延長保育
35.143029,136.853699,たかばた保育園,363,愛知県名古屋市中川区高畑一丁目46,351-3091,私立,宗教法人,保育所,午前7時15分から午後7時15分,7ヶ月から5歳,延長保育
NA,NA,東起保育園,144,愛知県名古屋市中川区東起町2,382-8312,私立,個人,保育所,午前8時00分から午後5時45分,10ヶ月から5歳,
35.152727,136.875674,愛知保育園,33,愛知県名古屋市中川区愛知町30,351-7014,私立,個人,保育所,午前7時30分から午後6時30分,1歳から5歳,
NA,NA,千音寺すみれ保育園,160,愛知県名古屋市中川区富田町大字千音寺字赤星裏4559,432-3131,私立,社会福祉法人,保育所,午前7時00分から午後7時00分,産休明けから5歳,延長保育,一時保育
NA,NA,緑ケ丘保育園,195,愛知県名古屋市中川区松年町2,661-0085,私立,宗教法人,保育所,午前7時45分から午後6時00分,8ヶ月から5歳,一時保育
NA,NA,すみれ保育園,110,愛知県名古屋市中川区水里三丁目48,301-0011,私立,社会福祉法人,保育所,午前7時00分から午後7時00分,産休明けから5歳,延長保育
35.142156,136.819458,たかなし保育園,60,愛知県名古屋市中川区西伏屋二丁目1111,355-6013,私立,社会福祉法人,保育所,午前7時15分から午後7時15分,産休あけから5歳,延長保育
NA,NA,はとぽっぽ保育園,40,愛知県名古屋市中川区服部四丁目902,462-1723,私立,社会福祉法人,保育所,午前7時00分から午後7時00分,産休あけから3歳,延長保育
NA,NA,戸田さくら保育園,40,愛知県名古屋市中川区供米田二丁目1510,302-6655,私立,社会福祉法人,保育所,午前7時00分から午後7時00分,6ヶ月から2歳,延長保育
NA,NA,まえだの森保育園,60,愛知県名古屋市中川区前田西町2丁目1008−1,364-8327,私立,学校法人,保育所,午前7時30分から午後7時30分,6ヶ月から5歳,延長保育
NA,NA,ニチイキッズ長須賀保育園,60,愛知県名古屋市中川区長須賀三丁目905−1,439-0557,私立,株式会社,保育所,午前7時30分から午後7時30分,6ヶ月から5歳,延長保育
35.139807,136.861672,プラムの木保育園,60,愛知県名古屋市中川区吉良町138,398-6310,私立,学校法人,保育所,午前7時15分から午後7時15分,6ヶ月から5歳,延長保育
NA,NA,ぽかぽか保育室常磐,15,愛知県名古屋市中川区南脇町3,665-6133,私立,株式会社,小規模保育事業B型,午前7時30分から午後6時30分,産休あけから2歳,
NA,NA,ニチイキッズ高畑保育室,15,愛知県名古屋市中川区高畑一丁目7番地,363-5200,私立,株式会社,小規模保育事業B型,午前7時30分から午後6時30分,産休あけから2歳,
35.132174,136.848763,スクルドエンジェル保育室あらこ園,19,愛知県名古屋市中川区中郷五丁目52,398-6882,私立,株式会社,小規模保育事業B型,午前7時30分から午後6時30分,産休あけから2歳,
NA,NA,いずみ中川乳児園,17,愛知県名古屋市中川区中島新町3,655-5541,私立,社会福祉法人,小規模保育事業B型,午前7時30分から午後6時30分,6か月から2歳,
NA,NA,小規模保育事業ソラーナつゆはし,15,愛知県名古屋市中川区露橋1,398-5486,私立,社会福祉法人,小規模保育事業A型,午前7時30分から午後6時30分,産休あけから2歳,
35.13425,136.869295,スクルドエンジェル保育室太平通園,19,愛知県名古屋市中川区太平通四丁目8,655-5881,私立,株式会社,小規模保育事業B型,午前7時30分から午後6時30分,産休あけから2歳,
NA,NA,アクシアキッズ園,15,愛知県名古屋市中川区11番町2,665-6518,私立,一般財団法人,小規模保育事業A型,午前7時30分から午後6時30分,産休あけから2歳,
NA,NA,はな保育室こがね,19,愛知県名古屋市中川区五月通2丁目35,398-5303,私立,株式会社,小規模保育事業A型,午前7時30分から午後6時30分,産休あけから2歳,
NA,NA,小規模保育事業所こびとのおうち,19,愛知県名古屋市中川区高畑3,364-8396,私立,特定非営利活動法人,小規模保育事業A型,午前7時30分から午後6時30分,産休あけから2歳,
35.144665,136.803487,ぽかぽか保育室戸田,10,愛知県名古屋市中川区戸田明正三丁目401,432-0006,私立,株式会社,小規模保育事業B型,午前7時30分から午後6時30分,産休あけから2歳,
35.150728,136.821872,ニチイキッズ吉津保育室,10,愛知県名古屋市中川区吉津三丁目1004,462-8787,私立,株式会社,小規模保育事業B型,午前7時30分から午後6時30分,産休あけから2歳,
NA,NA,てんとうむし保育室,5,愛知県名古屋市中川区中野新町三丁目17,351-0873,私立,個人,家庭的保育事業,午前7時30分から午後6時30分,産休あけから2歳,
NA,NA,キンダーフレンズ,12,愛知県名古屋市中川区富田町大字千音寺字間渡里2834,439-2011,私立,医療法人,事業所内保育事業（A型）,午前8時00分から午後7時00分,産休あけから2歳,
35.101899,136.880822,港保育園,110,愛知県名古屋市港区港栄三丁目18,661-0549,公立,名古屋市,保育所,午前7時30分から午後7時30分,産休あけから5歳,延長保育,子育て支援センター,入所予約
35.10722,136.831308,南陽第一保育園,90,愛知県名古屋市港区東茶屋二丁目305,301-8849,公立,名古屋市,保育所,午前7時30分から午後7時30分,6ヶ月から5歳,延長保育
35.111713,136.82204,南陽第二保育園,100,愛知県名古屋市港区知多二丁目2401,301-7914,公立,名古屋市,保育所,午前7時30分から午後6時30分,6ヶ月から5歳,
NA,NA,南陽第三保育園,90,愛知県名古屋市港区新茶屋5,301-8903,公立,名古屋市,保育所,午前7時30分から午後6時30分,6ヶ月から5歳,
NA,NA,土古保育園,90,愛知県名古屋市港区土古町2,381-8342,公立,名古屋市,保育所,午前7時30分から午後6時30分,6ヶ月から5歳,
35.07724,136.852802,港西保育園,90,愛知県名古屋市港区野跡四丁目4,381-1517,公立,名古屋市,保育所,午前7時30分から午後6時30分,6ヶ月から5歳,子育て支援センター
NA,NA,九番保育園,65,愛知県名古屋市港区九番町1,653-6061,公立,名古屋市,保育所,午前7時30分から午後6時30分,6ヶ月から5歳,
35.086909,136.849868,宝神保育園,90,愛知県名古屋市港区宝神四丁目701,383-0505,公立,名古屋市,保育所,午前7時30分から午後7時30分,6ヶ月から5歳,延長保育
35.112121,136.84451,当知保育園,90,愛知県名古屋市港区当知三丁目2610,383-4722,公立,名古屋市,保育所,午前7時30分から午後7時30分,6ヶ月から5歳,延長保育
35.109598,136.825133,茶屋保育園,90,愛知県名古屋市港区西茶屋一丁目35,303-3950,公立,名古屋市,保育所,午前7時30分から午後6時30分,6ヶ月から5歳,
NA,NA,丸池保育園,90,愛知県名古屋市港区丸池町1,651-2261,公立,名古屋市,保育所,午前7時30分から午後6時30分,6ヶ月から5歳,
35.098785,136.886923,小鳩幼児園,122,愛知県名古屋市港区千鳥一丁目13,661-5582,私立,社会福祉法人,保育所型認定こども園,午前7時00分から午後7時00分,産休あけから5歳,延長保育,入所予約
NA,NA,名古屋ドレミ保育園,108,愛知県名古屋市港区秋葉二丁目110,302-8833,私立,社会福祉法人,幼保連携型認定こども園,午前7時00分から午後7時00分,6ヶ月から5歳,延長保育,子育て支援センター,入所予約,一時保育
NA,NA,認定こども園いずみ保育園,309,愛知県名古屋市港区善進町2,381-5895,私立,社会福祉法人,保育所型認定こども園,午前7時15分から午後7時15分,6ヶ月から5歳,延長保育,一時保育,入所予約
35.099665,136.884373,名港保育園,96,愛知県名古屋市港区港楽三丁目4,661-1069,私立,宗教法人,保育所型認定こども園,午前7時30分から午後6時30分,6ヶ月から5歳,
NA,NA,惟信保育園,150,愛知県名古屋市港区惟信町2,382-2523,私立,社会福祉法人,保育所,午前7時15分から午後7時15分,6ヶ月から5歳,延長保育
NA,NA,かもめ保育園,120,愛知県名古屋市港区宝神三丁目1401,383-4518,私立,社会福祉法人,保育所,午前7時00分から午後7時00分,産休あけから5歳,延長保育
NA,NA,親愛保育園,310,愛知県名古屋市港区本宮町3,661-1314,私立,社会福祉法人,保育所,午前7時30分から午後6時30分,産休あけから5歳,入所予約
35.112986,136.882439,誓成保育園,120,愛知県名古屋市港区津金一丁目12,661-0237,私立,宗教法人,保育所,午前7時15分から午後7時15分,6ヶ月から5歳,延長保育,一時保育
35.112017,136.893824,辰巳幼児園,150,愛知県名古屋市港区辰巳町3,652-1921,私立,宗教法人,保育所,午前7時00分から午後7時00分,産休あけから5歳,延長保育,入所予約
NA,NA,愛名保育園,90,愛知県名古屋市港区七番町5,653-6016,私立,社会福祉法人,保育所,午前7時20分から午後7時20分,6ヶ月から5歳,延長保育
35.112298,136.892266,白鳩保育園,111,愛知県名古屋市港区辰巳町12,661-1031,私立,宗教法人,保育所,午前7時15分から午後7時15分,6ヶ月から5歳,延長保育
NA,NA,多加良浦保育園,400,愛知県名古屋市港区多加良浦町5,381-5718,私立,社会福祉法人,保育所,午前7時00分から午後7時00分,6ヶ月から5歳,延長保育
35.101652,136.854145,ぜんしん保育園,273,愛知県名古屋市港区善進本町191,382-6410,私立,社会福祉法人,保育所,午前7時00分から午後7時00分,産休あけから5歳,延長保育,子育て支援センター,入所予約,休日保育
35.08798,136.857806,ゆうゆう乳児園,40,愛知県名古屋市港区稲永四丁目1,389-2300,私立,社会福祉法人,保育所,午前7時00分から午後7時00分,6ヶ月から3歳,延長保育
NA,NA,リーゴ正保保育園,60,愛知県名古屋市港区正保町3丁目52,381-7555,私立,一般財団法人,保育所,午前7時30分から午後7時30分,産休あけから5歳,延長保育
NA,NA,わんぱく保育園,75,愛知県名古屋市港区春田野二丁目3101,720-6186,私立,社会福祉法人,保育所,午前7時30分から午後7時30分,6ヶ月から5歳,延長保育
35.112466,136.818086,スクルドエンジェル保育園なんよう園,60,愛知県名古屋市港区七反野二丁目1904,655-5692,私立,株式会社,保育所,午前7時30分から午後7時30分,6ヶ月から5歳,延長保育
NA,NA,ぽかぽか保育室明徳,15,愛知県名古屋市港区小碓4丁目480,398-5107,私立,株式会社,小規模保育事業B型,午前7時30分から午後6時30分,産休あけから2歳,
NA,NA,バンビーノ乳児園,15,愛知県名古屋市港区多加良浦町4丁目270,381-7272,私立,社会福祉法人,小規模保育事業A型,午前7時30分から午後6時30分,6か月から2歳,
35.113572,136.861779,スクルドエンジェル保育室みなと園,18,愛知県名古屋市港区川西通五丁目28,655-5220,私立,株式会社,小規模保育事業B型,午前7時30分から午後6時30分,産休あけから2歳,
NA,NA,ちびっこタウンいりば園,12,愛知県名古屋市港区正徳町6,383-6603,私立,個人,小規模保育事業B型,午前7時30分から午後6時30分,6か月から2歳,
NA,NA,神松保育園,90,愛知県名古屋市南区神松町1,611-7898,公立,名古屋市,保育所,午前7時30分から午後6時30分,6ヶ月から5歳,
NA,NA,宝保育園,120,愛知県名古屋市南区浜田町4,611-4754,公立,名古屋市,保育所,午前7時30分から午後6時30分,産休あけから5歳,子育て支援センター,入所予約
NA,NA,五条保育園,90,愛知県名古屋市南区五条町3,691-2255,公立,名古屋市,保育所,午前7時30分から午後7時30分,6ヶ月から5歳,延長保育
35.088328,136.937901,本星崎保育園,90,愛知県名古屋市南区星宮町217,822-8216,公立,名古屋市,保育所,午前7時30分から午後6時30分,6ヶ月から5歳,
35.098465,136.945612,芝保育園,90,愛知県名古屋市南区芝町152,822-4855,公立,名古屋市,保育所,午前7時30分から午後7時30分,6ヶ月から5歳,延長保育
35.101941,136.917594,豊田保育園,90,愛知県名古屋市南区忠次一丁目3,691-5590,公立,名古屋市,保育所,午前7時30分から午後7時30分,6ヶ月から5歳,延長保育
NA,NA,宝生保育園,90,愛知県名古屋市南区宝生町2,613-1181,公立,名古屋市,保育所,午前7時30分から午後6時30分,6ヶ月から5歳,
NA,NA,幼保連携型認定こども園道徳保育園,366,愛知県名古屋市南区観音町6,692-4001,私立,社会福祉法人,幼保連携型認定こども園,午前7時00分から午後7時00分,産休あけから5歳,延長保育,入所予約
NA,NA,白水保育園,290,愛知県名古屋市南区鶴見通1,611-0439,私立,社会福祉法人,幼保連携型認定こども園,午前7時00分から午後7時30分,産休あけから5歳,延長保育,子育て支援センター,入所予約
NA,NA,笠寺幼児園,352,愛知県名古屋市南区笠寺町大門63,811-2883,私立,社会福祉法人,保育所型認定こども園,午前7時00分から午後7時00分,産休あけから5歳,延長保育,一時保育
35.075538,136.907076,認定こども園葵第二幼稚園,130,愛知県名古屋市南区白水町26,611-6758,私立,学校法人,幼保連携型認定こども園,午前7時00分から午後6時00分,2歳から5歳,
NA,NA,明円ひかり園,109,愛知県名古屋市南区明円町183,613-8472,私立,社会福祉法人,幼保連携型認定こども園,午前7時30分から午後7時30分,6ヶ月から5歳,延長保育
NA,NA,曽池ひかり幼稚園,140,愛知県名古屋市南区曽池町2,823-3801,私立,学校法人,幼保連携型認定こども園,午前7時30分から午後7時30分,6ヶ月から5歳,延長保育
NA,NA,大生幼児園,170,愛知県名古屋市南区西又兵ヱ町3,611-4852,私立,社会福祉法人,保育所,午前7時00分から午後7時00分,産休あけから5歳,延長保育,入所予約
NA,NA,菜の花保育園,170,愛知県名古屋市南区三吉町6,612-3361,私立,社会福祉法人,保育所,午前7時00分から午後8時00分,産休あけから5歳,延長保育,一時保育,子育て支援センター,入所予約
35.109857,136.937304,箱舟保育園,90,愛知県名古屋市南区鳥栖一丁目15,823-3040,私立,社会福祉法人,保育所,午前7時30分から午後7時30分,6ヶ月から5歳,延長保育
35.075346,136.935419,ほしざき保育園,120,愛知県名古屋市南区鳴尾二丁目47,612-1775,私立,社会福祉法人,保育所,午前7時00分から午後10時00分,産休あけから5歳,延長保育,入所予約,子育て支援センター,休日保育
35.109292,136.925904,よびつぎ保育園,260,愛知県名古屋市南区汐田町7,811-2701,私立,宗教法人,保育所,午前7時30分から午後6時30分,産休あけから5歳,
35.113605,136.91119,明治保育園,90,愛知県名古屋市南区豊一丁目24,691-9743,私立,個人,保育所,午前7時30分から午後6時00分,6ヶ月から5歳,
35.110903,136.941577,さくらのこ保育園,40,愛知県名古屋市南区鳥栖二丁目1,883-9527,私立,学校法人,保育所,午前7時30分から午後7時30分,6ヶ月から3歳,延長保育
35.109304,136.93318,マナ第2保育園,60,愛知県名古屋市南区呼続三丁目11,811-5433,私立,社会福祉法人,保育所,午前7時00分から午後7時00分,6ヶ月から5歳,延長保育
35.108233,136.907914,みなみ保育園,120,愛知県名古屋市南区氷室町2,691-0373,私立,社会福祉法人,保育所,午前7時30分から午後7時30分,産休あけから5歳,延長保育
35.078455,136.939484,ニチイキッズ元鳴尾保育園,60,愛知県名古屋市南区元鳴尾町268,819-5036,私立,株式会社,保育所,午前7時30分から午後7時30分,6ヶ月から5歳,延長保育
NA,NA,道徳たけの子保育室,15,愛知県名古屋市南区六条町3,692-2207,私立,共同保育所運営委員会,小規模保育事業B型,午前7時30分から午後6時30分,産休あけから2歳,
NA,NA,大同保育室おひさま,15,愛知県名古屋市南区元柴田東町一丁目13,611-8618,私立,社会医療法人,事業所内保育事業（保育所型）,午前7時30分から午後6時30分,産休あけから2歳,
35.197918,136.956855,守山保育園,118,愛知県名古屋市守山区守山三丁目2,791-5311,公立,名古屋市,保育所,午前7時30分から午後7時30分,産休あけから5歳,延長保育
35.207894,136.9387,瀬古保育園,110,愛知県名古屋市守山区瀬古東一丁目125,793-4525,公立,名古屋市,保育所,午前7時30分から午後6時30分,6ヶ月から5歳,
35.205894,136.997061,大森保育園,120,愛知県名古屋市守山区大森三丁目504,798-0082,公立,名古屋市,保育所,午前7時30分から午後7時30分,6ヶ月から5歳,延長保育
35.21016,136.964987,山下保育園,90,愛知県名古屋市守山区森宮町125,791-6934,公立,名古屋市,保育所,午前7時30分から午後7時30分,6ヶ月から5歳,延長保育,子育て支援センター
NA,NA,中志段味保育園,90,愛知県名古屋市守山区大字中志段味字宮前1174,736-0467,公立,名古屋市,保育所,午前7時30分から午後6時30分,6ヶ月から5歳,
35.200468,136.950937,鳥羽見保育園,90,愛知県名古屋市守山区鳥羽見二丁目15,791-2279,公立,名古屋市,保育所,午前7時30分から午後6時30分,6ヶ月から5歳,
NA,NA,小幡保育園,90,愛知県名古屋市守山区緑ヶ丘902,792-0959,公立,名古屋市,保育所,午前7時30分から午後7時30分,6ヶ月から5歳,延長保育
35.199039,137.022986,本地第一保育園,90,愛知県名古屋市守山区本地が丘1601,772-4121,公立,名古屋市,保育所,午前7時30分から午後6時30分,6ヶ月から5歳,
35.197713,137.022098,本地第二保育園,90,愛知県名古屋市守山区本地が丘1108,772-7896,公立,名古屋市,保育所,午前7時30分から午後6時30分,6ヶ月から5歳,
35.199106,137.006268,天子田保育園,90,愛知県名古屋市守山区天子田二丁目1404,773-3660,公立,名古屋市,保育所,午前7時30分から午後7時30分,6ヶ月から5歳,延長保育
35.208082,136.958024,大永寺保育園,100,愛知県名古屋市守山区大永寺町192,794-0388,公立,名古屋市,保育所,午前7時30分から午後7時30分,6ヶ月から5歳,延長保育
35.194398,137.005128,森孝保育園,90,愛知県名古屋市守山区森孝一丁目1144,771-3100,公立,名古屋市,保育所,午前7時30分から午後7時30分,6ヶ月から5歳,延長保育
35.229113,136.994424,幼保連携型認定こども園スカイ,148,愛知県名古屋市守山区桔梗平一丁目408,739-1112,私立,社会福祉法人,幼保連携型認定こども園,午前7時00分から午後7時00分,産休あけから5歳,延長保育,一時保育,入所予約
NA,NA,幼保連携型認定こども園フェアリーイースト保育園,116,愛知県名古屋市守山区大字下志段味字吉田2235,739-0901,私立,社会福祉法人,幼保連携型認定こども園,午前7時00分から午後7時00分,4ヶ月から5歳,延長保育
NA,NA,キリクこども園,119,愛知県名古屋市守山区大字上志段味字樹木1663,739-0151,私立,社会福祉法人,幼保連携型認定こども園,午前7時30分から午後7時30分,産休あけから5歳,延長保育
NA,NA,よつ葉こども園,93,愛知県名古屋市守山区瀬古一丁目220番2,795-1588,私立,社会福祉法人,保育所型認定こども園,午前7時15分から午後7時15分,6ヶ月から5歳,延長保育.一時保育
35.213433,136.942029,miraiこども園,111,愛知県名古屋市守山区瀬古三丁目1148,792-0322,私立,社会福祉法人,保育所型認定こども園,午前7時30分から午後7時30分,産休あけから5歳,延長保育,入所予約
NA,NA,もりの風こども園,139,愛知県名古屋市守山区大字吉根字太鼓ヶ根3231,736-5577,私立,社会福祉法人,幼保連携型認定こども園,午前7時00分から午後7時00分,産休あけから5歳,延長保育,入所予約
35.195261,136.965205,和進館保育園,224,愛知県名古屋市守山区長栄20,791-2808,私立,社会福祉法人,保育所,午前7時00分から午後7時00分,産休あけから5歳,延長保育,一時保育,子育て支援センター,入所予約
35.200676,136.971261,白山保育園,220,愛知県名古屋市守山区小幡中一丁目13,791-3365,私立,社会福祉法人,保育所,午前7時00分から午後7時00分,産休あけから5歳,延長保育,入所予約
35.207572,136.978115,ふたば保育園,230,愛知県名古屋市守山区小幡二丁目10,793-0535,私立,社会福祉法人,保育所,午前7時00分から午後7時00分,産休あけから5歳,延長保育,一時保育,入所予約
35.198065,136.962568,若草保育園,90,愛知県名古屋市守山区東山町1,791-2622,私立,社会福祉法人,保育所,午前7時00分から午後7時00分,産休あけから5歳,延長保育,入所予約
35.231019,137.005402,もみじ保育園,90,愛知県名古屋市守山区笹ヶ根一丁目1003,736-6670,私立,社会福祉法人,保育所,午前7時00分から午後7時00分,産休あけから5歳,延長保育,子育て支援センター,入所予約
35.219903,136.983831,フェアリー保育園,30,愛知県名古屋市守山区竜泉寺二丁目301,797-8587,私立,社会福祉法人,保育所,午前7時00分から午後7時00分,4ヶ月から2歳,延長保育
NA,NA,ききょう保育園,100,愛知県名古屋市守山区大字下志段味字北荒田2344,737-0415,私立,社会福祉法人,保育所,午前7時00分から午後7時00分,産休あけから5歳,延長保育,入所予約
NA,NA,しだみ保育園,100,愛知県名古屋市守山区大字上志段味字上島669,739-0415,私立,社会福祉法人,保育所,午前7時00分から午後7時00分,6ヶ月から5歳,延長保育
35.199733,136.987069,なえしろ保育園,120,愛知県名古屋市守山区野萩町2,793-7546,私立,社会福祉法人,保育所,午前7時00分から午後7時30分,産休あけから5歳,延長保育,一時保育,子育て支援センター,入所予約
NA,NA,青山保育園,105,愛知県名古屋市守山区青山台628,736-1051,私立,社会福祉法人,保育所,午前7時30分から午後7時30分,産休明けから5歳,延長保育
35.237058,137.006715,ジョイフル守山保育園,90,愛知県名古屋市守山区平池東301,739-3611,私立,社会福祉法人,保育所,午前7時00分から午後7時00分,6ヶ月から5歳,延長保育
NA,NA,桃の花保育園,63,愛知県名古屋市守山区川村町149,795-0030,私立,学校法人,保育所,午前7時30分から午後7時30分,産休あけから5歳,延長保育,入所予約
NA,NA,ひなた保育園,30,愛知県名古屋市守山区四軒家一丁目330,773-5571,私立,社会福祉法人,保育所,午前7時00分から午後7時00分,産休あけから3歳,延長保育
35.20348,136.960958,桃の里保育園,40,愛知県名古屋市守山区大牧町10,791-8500,私立,学校法人,保育所,午前7時00分から午後7時00分,6ヶ月から3歳,延長保育
NA,NA,Jースカイ保育園,40,愛知県名古屋市守山区大字吉根字階子田3163,737-0090,私立,社会福祉法人,保育所,午前7時00分から午後7時00分,6ヶ月から3歳,延長保育,休日保育
NA,NA,てとろ志段味保育園,40,愛知県名古屋市守山区大字下志段味字島ノ口1848,739-0550,私立,特定非営利活動法人,保育所,午前7時00分から午後7時00分,6ヶ月から3歳,延長保育
NA,NA,小幡もりの風保育園,90,愛知県名古屋市守山区小幡千代田1309,726-3261,私立,社会福祉法人,保育所,午前7時00分から午後7時00分,6ヶ月から5歳,延長保育
NA,NA,マーマこととも保育園もりやま,60,愛知県名古屋市守山区瀬古東三丁目2013,796-0081,私立,株式会社,保育所,午前7時30分から午後7時30分,6ヶ月から5歳,延長保育
NA,NA,ニチイキッズ守山南保育園,60,愛知県名古屋市守山区天子田三丁目105,726-9051,私立,株式会社,保育所,午前7時30分から午後7時30分,6ヶ月から5歳,延長保育
NA,NA,アスク志段味保育園,60,愛知県名古屋市守山区大字上志段味字竹ノ腰353,739-1503,私立,株式会社,保育所,午前7時30分から午後7時30分,6ヶ月から5歳,延長保育
NA,NA,小規模保育事業保育ルームルナ8喜多山,19,愛知県名古屋市守山区喜多山南12番11号,792-0010,私立,社会福祉法人,小規模保育事業B型,午前7時30分から午後6時30分,産休あけから2歳,
NA,NA,スクルドエンジェル保育室かなや園,19,愛知県名古屋市守山区金屋2丁目77,799-8490,私立,株式会社,小規模保育事業A型,午前7時30分から午後6時30分,産休あけから2歳,
35.212099,136.943209,mirai保育ルーム,19,愛知県名古屋市守山区瀬古東三丁目1216,792-0322,私立,社会福祉法人,小規模保育事業A型,午前7時30分から午後7時30分,産休あけから2歳,
35.194337,136.967434,小規模保育事業“えがお”,10,愛知県名古屋市守山区西新20,791-2808,私立,社会福祉法人,小規模保育事業A型,午前7時30分から午後6時00分,産休あけから2歳,
35.208541,136.998363,めだか保育室,10,愛知県名古屋市守山区弁天が丘1106,798-2623,私立,社会福祉法人,小規模保育事業A型,午前7時30分から午後7時00分,産休あけから2歳,
35.200684,136.973885,スクルドエンジェル保育室　おばた園,19,愛知県名古屋市守山区小幡中一丁目28,715-4722,私立,株式会社,小規模保育事業A型,午前7時30分から午後6時30分,産休あけから2歳,
35.205485,137.000499,保育室こりす,5,愛知県名古屋市守山区大森四丁目2402,798-5558,私立,個人,家庭的保育事業,午前7時30分から午後6時30分,産休あけから2歳,
35.1934,137.003464,保育室こあら,5,愛知県名古屋市守山区森孝一丁目1312,775-2010,私立,個人,家庭的保育事業,午前7時30分から午後6時30分,産休あけから2歳,
35.210594,136.938313,保育室あいあい,5,愛知県名古屋市守山区瀬古東三丁目116,792-7558,私立,個人,家庭的保育事業,午前7時30分から午後6時30分,産休あけから2歳,
35.207726,136.94654,保育室こぶた,5,愛知県名古屋市守山区幸心一丁目501,796-3179,私立,個人,家庭的保育事業,午前7時30分から午後6時30分,産休あけから2歳,
NA,NA,大高保育園,100,愛知県名古屋市緑区大高町向山16,621-2569,公立,名古屋市,保育所,午前7時30分から午後7時30分,6ヶ月から5歳,延長保育
NA,NA,東丘保育園,100,愛知県名古屋市緑区鳴海町姥子山194,622-0502,公立,名古屋市,保育所,午前7時30分から午後7時30分,6ヶ月から5歳,延長保育
35.095341,136.963493,鳴子保育園,100,愛知県名古屋市緑区長根町92,892-5010,公立,名古屋市,保育所,午前7時30分から午後7時30分,産休あけから5歳,延長保育,子育て支援センター
35.092472,136.945394,片平保育園,110,愛知県名古屋市緑区浦里一丁目32,892-3107,公立,名古屋市,保育所,午前7時30分から午後6時30分,6ヶ月から5歳,
35.047998,136.967614,はざま保育園,90,愛知県名古屋市緑区南陵401,621-4300,公立,名古屋市,保育所,午前7時30分から午後7時30分,6ヶ月から5歳,延長保育
35.103276,136.989885,黒石保育園,100,愛知県名古屋市緑区桃山二丁目97,876-2488,公立,名古屋市,保育所,午前7時30分から午後7時30分,6ヶ月から5歳,延長保育
35.09313,136.954228,松が根保育園,100,愛知県名古屋市緑区松が根台221,891-5461,公立,名古屋市,保育所,午前7時30分から午後7時30分,6ヶ月から5歳,延長保育
35.0643,136.977016,太子保育園,90,愛知県名古屋市緑区太子一丁目235,623-1713,公立,名古屋市,保育所,午前7時30分から午後7時30分,6ヶ月から5歳,延長保育
35.061795,136.941823,森の里保育園,90,愛知県名古屋市緑区森の里一丁目106,621-8255,公立,名古屋市,保育所,午前7時30分から午後7時30分,6ヶ月から5歳,延長保育
35.085946,136.96606,旭出保育園,100,愛知県名古屋市緑区旭出一丁目517,896-3050,公立,名古屋市,保育所,午前7時30分から午後7時30分,6ヶ月から5歳,延長保育
35.09399,136.992711,のりくら保育園,100,愛知県名古屋市緑区乗鞍一丁目1812,876-1640,公立,名古屋市,保育所,午前7時30分から午後7時30分,6ヶ月から5歳,延長保育,子育て支援センター
35.060243,136.965739,めぐみ保育園,144,愛知県名古屋市緑区有松町大字桶狭間字愛宕西23,622-4520,私立,社会福祉法人,幼保連携型認定こども園,午前7時00分から午後7時00分,産休あけから5歳,延長保育,子育て支援センター,入所予約
35.090288,136.975382,滝の水保育園,179,愛知県名古屋市緑区滝ノ水一丁目301,896-3223,私立,社会福祉法人,幼保連携型認定こども園,午前7時15分から午後7時15分,産休あけから5歳,延長保育,入所予約
35.104998,137.018133,認定こども園神の倉清凉保育園,155,愛知県名古屋市緑区東神の倉三丁目1803,878-7756,私立,社会福祉法人,幼保連携型認定こども園,午前7時00分から午後7時00分,産休あけから5歳,延長保育,子育て支援センター,入所予約
NA,NA,認定丘の上こども園,270,愛知県名古屋市緑区高根山一丁目1601,624-8855,私立,社会福祉法人,幼保連携型認定こども園,午前7時30分から午後7時30分,産休あけから5歳,延長保育,入所予約,子育て支援センター
35.08608,136.953212,みそのラファエルこども園,363,愛知県名古屋市緑区鳴海町字乙子山1,891-0648,私立,社会福祉法人,幼保連携型認定こども園,午前7時00分から午後7時00分,産休あけから5歳,延長保育,一時保育
35.057418,136.966008,おにぎりが空,90,愛知県名古屋市緑区有松町大字桶狭間字牛毛廻間2,626-5502,私立,社会福祉法人,幼保連携型認定こども園,午前7時00分から午後7時00分,6ヶ月から5歳,延長保育
35.070736,136.94275,子供の家保育園,250,愛知県名古屋市緑区大高町字鷲津5,623-3981,私立,社会福祉法人,保育所,午前7時30分から午後6時00分,6ヶ月から5歳,
NA,NA,きよすみ保育園,240,愛知県名古屋市緑区鳴海町字有松裏138‐1,621-1778,私立,社会福祉法人,保育所,午前7時15分から午後7時15分,8ヶ月から5歳,延長保育
35.07914,136.965997,光が丘保育園,143,愛知県名古屋市緑区相原郷二丁目903,623-2755,私立,社会福祉法人,保育所,午前7時30分から午後6時30分,6ヶ月から5歳,休日保育
35.077943,136.97813,さくらケ丘保育園,120,愛知県名古屋市緑区尾崎山一丁目609,623-5656,私立,社会福祉法人,保育所,午前7時50分から午後6時30分,6ヶ月から5歳,
35.081004,136.949094,鳴海保育園,140,愛知県名古屋市緑区鳴海町字作町84,621-6311,私立,社会福祉法人,保育所,午前7時30分から午後6時30分,産休あけから5歳,一時保育,入所予約
NA,NA,水広保育園,128,愛知県名古屋市緑区諸の木三丁目802,879-5225,私立,社会福祉法人,保育所,午前7時15分から午後7時15分,産休あけから5歳,延長保育,入所予約
35.088988,136.997139,みどり保育園,110,愛知県名古屋市緑区徳重五丁目412,878-3163,私立,社会福祉法人,保育所,午前7時00分から午後7時00分,3ヶ月から5歳,延長保育
35.101595,136.969467,あいかわ保育園,60,愛知県名古屋市緑区相川一丁目133,891-1050,私立,社会福祉法人,保育所,午前7時00分から午後10時00分,産休あけから5歳,延長保育
NA,NA,マナ保育園,156,愛知県名古屋市緑区大高町字殿山1,629-6686,私立,社会福祉法人,保育所,午前7時00分から午後7時00分,6ヶ月から5歳,延長保育,一時保育
35.098452,137.007838,茶屋とくしげ保育園,100,愛知県名古屋市緑区鳴海町字神ノ倉3,877-1094,私立,社会福祉法人,保育所,午前7時30分から午後7時30分,産休あけから5歳,延長保育,入所予約
NA,NA,みよし保育園,90,愛知県名古屋市緑区大高町字道円坊13,622-6665,私立,社会福祉法人,保育所,午前7時00分から午後10時00分,産休あけから5歳,延長保育
NA,NA,春華しろつち保育園,120,愛知県名古屋市緑区白土1930,876-3605,私立,社会福祉法人,保育所,午前7時15分から午後7時15分,産休あけから5歳,延長保育,入所予約
35.059568,136.970941,ひいらぎ保育園,90,愛知県名古屋市緑区武路町2101,622-9366,私立,社会福祉法人,保育所,午前7時00分から午後7時00分,6ヶ月から5歳,延長保育
35.083157,136.959786,しおみが丘保育園,130,愛知県名古屋市緑区潮見が丘一丁目48,680-7225,私立,社会福祉法人,保育所,午前7時30分から午後7時30分,産休あけから5歳,延長保育,一時保育,子育て支援センター,入所予約
35.079454,136.983816,新砂田保育園,120,愛知県名古屋市緑区砂田二丁目512,878-0190,私立,社会福祉法人,保育所,午前7時15分から午後7時15分,6ヶ月から5歳,延長保育
NA,NA,くまのまえ保育園,90,愛知県名古屋市緑区兵庫一丁目1610,877-9022,私立,社会福祉法人,保育所,午前7時15分から午後7時15分,産休あけから5歳,延長保育,一時保育
NA,NA,緑いずみ台保育園,30,愛知県名古屋市緑区古鳴海一丁目168,838-9061,私立,社会福祉法人,保育所,午前7時30分から午後7時30分,産休あけから3歳,延長保育
35.083606,136.971907,かえで保育園,90,愛知県名古屋市緑区滝ノ水四丁目1812,891-2600,私立,社会福祉法人,保育所,午前7時15分から午後7時15分,6ヶ月から5歳,延長保育
NA,NA,うめさと保育園,60,愛知県名古屋市緑区梅里一丁目101,848-8733,私立,社会福祉法人,保育所,午前7時15分から午後7時15分,産休あけから5歳,延長保育
35.098452,137.007838,みどり菜の花保育園,40,愛知県名古屋市緑区鳴海町字神ノ倉3,879-5557,私立,社会福祉法人,保育所,午前7時00分から午後7時00分,産休あけから3歳,延長保育,入所予約
NA,NA,オリーブの樹保育園,40,愛知県名古屋市緑区高根山一丁目1414,621-6622,私立,社会福祉法人,保育所,午前7時30分から午後7時30分,産休あけから3歳,延長保育
35.068439,136.968539,あおば保育園,60,愛知県名古屋市緑区有松1001,624-8860,私立,社会福祉法人,保育所,午前7時30分から午後7時30分,産休あけから5歳,延長保育
35.055725,136.933615,あかね保育園,40,愛知県名古屋市緑区定納山一丁目1215,622-8816,私立,特定非営利活動法人,保育所,午前7時00分から午後7時00分,産休あけから3歳,延長保育
35.046325,136.966527,えにし保育園,60,愛知県名古屋市緑区南陵507,626-5972,私立,社会福祉法人,保育所,午前7時15分から午後7時15分,産休あけから5歳,延長保育
NA,NA,はなの木保育園,60,愛知県名古屋市緑区小坂二丁目2001,875-3030,私立,社会福祉法人,保育所,午前7時15分から午後7時15分,6ヶ月から5歳,延長保育
NA,NA,しんほそぐち保育園,60,愛知県名古屋市緑区細口二丁目807,842-9448,私立,社会福祉法人,保育所,午前7時00分から午後7時00分,6ヶ月から5歳,延長保育
35.094616,136.988178,YMCAかみさわ保育園,69,愛知県名古屋市緑区神沢二丁目831,879-6222,私立,学校法人,保育所,午前7時30分から午後7時30分,6ヶ月から5歳,延長保育
35.077222,136.947968,鳴海そらいろ保育園,60,愛知県名古屋市緑区鳴海町字上汐田19,621-8220,私立,学校法人,保育所,午前7時00分から午後7時00分,6ヶ月から5歳,延長保育
NA,NA,南大高保育園,30,愛知県名古屋市緑区南大高四丁目235番地,626-1225,私立,社会福祉法人,保育所,午前7時30分から午後7時30分,6ヶ月から2歳,延長保育
35.053392,136.963654,やまもみじ保育園,60,愛知県名古屋市緑区桶狭間神明3510,710-7548,私立,社会福祉法人,保育所,午前7時15分から午後7時15分,6ヶ月から5歳,延長保育
35.082457,136.945157,すくすく浦里保育園,60,愛知県名古屋市緑区浦里五丁目241,624-2680,私立,特定非営利活動法人,保育所,午前7時00分から午後7時00分,6ヶ月から5歳,延長保育
NA,NA,健生保育園,20,愛知県名古屋市緑区神沢二丁目1408番地,217-5004,私立,株式会社,保育所,午前7時30分から午後7時30分,6ヶ月から5歳,延長保育
NA,NA,とくしげ太陽保育園,60,愛知県名古屋市緑区鳴海町字徳重18番122,848-6991,私立,社会福祉法人,保育所,午前7時00分から午後7時00分,6ヶ月から5歳,延長保育
35.102758,137.019223,東神の倉清凉保育園,60,愛知県名古屋市緑区東神の倉三丁目3407,838-5588,私立,社会福祉法人,保育所,午前7時00分から午後7時00分,6ヶ月から5歳,延長保育
NA,NA,アスクなるこ保育園,60,愛知県名古屋市緑区鳴子町4,899-3773,私立,株式会社,保育所,午前7時30分から午後7時30分,6ヶ月から5歳,延長保育
NA,NA,緑すみれ保育園,90,愛知県名古屋市緑区水広二丁目1010,893-7477,私立,社会福祉法人,保育所,午前7時30分から午後7時30分,産休あけから5歳,延長保育
NA,NA,リーゴ南大高保育園,60,愛知県名古屋市緑区南大高一丁目2113,622-7090,私立,一般財団法人,保育所,午前7時30分から午後7時30分,6ヶ月から5歳,延長保育
35.088748,136.965053,マーマこととも保育園しかやま,60,愛知県名古屋市緑区鹿山二丁目92,895-3730,私立,株式会社,保育所,午前7時30分から午後7時30分,6ヶ月から5歳,延長保育
NA,NA,ぽかぽか保育室山腰,10,愛知県名古屋市緑区鳴海町山腰28,883-8300,私立,株式会社,小規模保育事業B型,午前7時30分から午後6時30分,産休あけから2歳,
35.069324,136.939089,ぽかぽか保育室大高北,12,愛知県名古屋市緑区大高町字鶴田10,883-9450,私立,株式会社,小規模保育事業B型,午前7時30分から午後6時30分,産休あけから2歳,
NA,NA,スクルドエンジェル保育室さきょうやま園,16,愛知県名古屋市緑区六田2丁目75番地,626-5829,私立,株式会社,小規模保育事業B型,午前7時30分から午後6時30分,産休あけから2歳,
35.063084,136.932823,くるみ保育室,10,愛知県名古屋市緑区大高町字東姥神39,624-1556,私立,社会福祉法人,小規模保育事業A型,午前7時30分から午後6時30分,産休あけから2歳,
NA,NA,アインみどり保育室,15,愛知県名古屋市緑区篠の風2丁目198,879-3961,私立,株式会社,小規模保育事業B型,午前7時30分から午後6時30分,産休あけから2歳,
35.095358,136.999779,ヒルズウォーク徳重園,15,愛知県名古屋市緑区鳴海町字徳重18,879-6866,私立,有限会社,小規模保育事業B型,午前7時30分から午後6時30分,産休あけから2歳,
NA,NA,小規模保育事業にじいろ,19,愛知県名古屋市緑区桃山3,877-7676,私立,個人,小規模保育事業B型,午前7時30分から午後6時30分,6か月から2歳,
NA,NA,ウィズブック保育室　緑,19,愛知県名古屋市緑区境松2丁目317,829-0212,私立,株式会社,小規模保育事業A型,午前7時30分から午後6時30分,産休あけから2歳,
35.102607,136.995277,ファミリーズみどり黒石園,19,愛知県名古屋市緑区黒沢台三丁目304,848-7075,私立,株式会社,小規模保育事業A型,午前7時30分から午後6時30分,産休あけから2歳,
35.094818,136.96769,保育室　こいぬ,3,愛知県名古屋市緑区池上台二丁目10,896-4041,私立,個人,家庭的保育事業,午前8時00分から午後4時00分,産休あけから2歳,
35.068937,136.982926,いちご保育室,3,愛知県名古屋市緑区姥子山三丁目1906,622-7487,私立,個人,家庭的保育事業,午前8時00分から午後4時00分,産休あけから2歳,
NA,NA,保育室　うさぎ,3,愛知県名古屋市緑区大清水二丁目1616,848-7724,私立,個人,家庭的保育事業,午前8時00分から午後4時00分,産休あけから2歳,
35.095864,136.988035,保育室　ぺんぎん,3,愛知県名古屋市緑区神沢二丁目614,878-1705,私立,個人,家庭的保育事業,午前8時00分から午後4時00分,産休あけから2歳,
NA,NA,いるか保育室,5,愛知県名古屋市緑区曽根一丁目20,621-0262,私立,個人,家庭的保育事業,午前7時30分から午後6時30分,産休あけから2歳,
35.089752,136.987681,保育室　わんわん,5,愛知県名古屋市緑区鳴丘二丁目2908,876-3705,私立,個人,家庭的保育事業,午前7時30分から午後6時30分,産休あけから2歳,
35.097124,136.953011,かんがるー保育室,5,愛知県名古屋市緑区鳴海町字上ノ山27,893-1922,私立,個人,家庭的保育事業,午前7時30分から午後6時30分,産休あけから2歳,
35.170101,137.00871,猪高保育園,90,愛知県名古屋市名東区上社四丁目262,701-0041,公立,名古屋市,保育所,午前7時30分から午後7時30分,6ヶ月から5歳,延長保育
35.182851,136.991056,猪子石第一保育園,110,愛知県名古屋市名東区つつじが丘201,771-7884,公立,名古屋市,保育所,午前7時30分から午後7時30分,6ヶ月から5歳,延長保育,一時保育
35.141587,137.021181,梅森坂保育園,110,愛知県名古屋市名東区梅森坂四丁目102,702-2020,公立,名古屋市,保育所,午前7時30分から午後7時30分,6ヶ月から5歳,延長保育,一時保育
35.182918,136.999954,猪子石第二保育園,90,愛知県名古屋市名東区文教台一丁目920,771-0337,公立,名古屋市,保育所,午前7時30分から午後7時30分,6ヶ月から5歳,延長保育
35.184204,137.018384,藤が丘保育園,90,愛知県名古屋市名東区藤が丘99,773-3650,公立,名古屋市,保育所,午前7時30分から午後7時30分,6ヶ月から5歳,延長保育
35.163894,137.001356,亀の井保育園,90,愛知県名古屋市名東区亀の井二丁目201,703-4380,公立,名古屋市,保育所,午前7時30分から午後7時30分,6ヶ月から5歳,延長保育
35.177444,136.991089,よもぎ保育園,90,愛知県名古屋市名東区よもぎ台二丁目514,774-5533,公立,名古屋市,保育所,午前7時30分から午後7時30分,6ヶ月から5歳,延長保育
35.149834,137.002879,牧野池保育園,120,愛知県名古屋市名東区牧の里三丁目701,703-2341,公立,名古屋市,保育所,午前7時30分から午後7時30分,産休あけから5歳,延長保育,子育て支援センター,入所予約
35.163079,137.0172,高針北保育園,90,愛知県名古屋市名東区勢子坊二丁目1302,701-4555,公立,名古屋市,保育所,午前7時30分から午後7時30分,6ヶ月から5歳,延長保育
35.151703,136.99953,牧野原保育園,90,愛知県名古屋市名東区牧の原一丁目1303,703-1177,公立,名古屋市,保育所,午前7時30分から午後7時30分,6ヶ月から5歳,延長保育
35.189794,137.014047,藤里保育園,100,愛知県名古屋市名東区藤里町1003,776-0159,公立,名古屋市,保育所,午前7時30分から午後7時30分,6ヶ月から5歳,延長保育,子育て支援センター
35.163807,136.999728,幼保連携型認定こども園名古屋東幼稚園,230,愛知県名古屋市名東区亀の井二丁目210,701-3191,私立,学校法人,幼保連携型認定こども園,午前7時30分から午後7時30分,6ヶ月から5歳,延長保育
35.156365,137.008814,認定こども園花園保育園,290,愛知県名古屋市名東区高針二丁目1801,701-0027,私立,社会福祉法人,保育所型認定こども園,午前7時00分から午後7時00分,11ヶ月から5歳,延長保育,一時保育
35.190565,136.994114,香流保育園,416,愛知県名古屋市名東区神月町604,771-6101,私立,社会福祉法人,保育所型認定こども園,午前7時00分から午後7時00分,産休あけから5歳,延長保育,入所予約
35.155096,137.023887,極楽保育園,120,愛知県名古屋市名東区大針一丁目266,703-7007,私立,社会福祉法人,保育所,午前7時00分から午後7時00分,産休あけから5歳,延長保育,子育て支援センター,入所予約
35.159825,137.000226,名東保育園,141,愛知県名古屋市名東区高間町135,701-2622,私立,社会福祉法人,保育所,午前7時00分から午後7時30分,産休あけから5歳,延長保育,一時保育,子育て支援センター,入所予約,休日保育
35.174375,137.004198,チャイルドアカデミー上社保育園,120,愛知県名古屋市名東区上社一丁目409,779-1152,私立,社会福祉法人,保育所,午前7時00分から午後7時00分,産休あけから5歳,延長保育,入所予約
35.184202,137.002212,ステラ保育園,60,愛知県名古屋市名東区猪子石三丁目118,777-3911,私立,社会福祉法人,保育所,午前7時00分から午後7時00分,産休あけから5歳,延長保育,一時保育,子育て支援センター,入所予約
35.175296,137.02163,望が丘せせらぎ保育園,98,愛知県名古屋市名東区望が丘277,778-8061,私立,社会福祉法人,保育所,午前7時00分から午後7時00分,産休あけから5歳,延長保育
35.186658,136.990198,名東ピッコロ保育園,40,愛知県名古屋市名東区香流一丁目1114,725-8020,私立,社会福祉法人,保育所,午前7時30分から午後7時30分,産休あけから3歳,延長保育
NA,NA,西山保育園,120,愛知県名古屋市名東区西山本通3,783-2424,私立,社会福祉法人,保育所,午前7時00分から午後7時00分,産休あけから5歳,延長保育
35.161008,136.997263,すずの森保育園,66,愛知県名古屋市名東区高間町64,701-8112,私立,社会福祉法人,保育所,午前7時45分から午後7時45分,6ヶ月から5歳,延長保育
35.179285,137.015715,シャイニー・キッズ保育園,60,愛知県名古屋市名東区本郷一丁目91,739-5021,私立,社会福祉法人,保育所,午前7時00分から午後7時00分,産休あけから5歳,延長保育
NA,NA,やしろ保育園,60,愛知県名古屋市名東区社が丘三丁目106,747-5695,私立,学校法人,保育所,午前7時00分から午後7時00分,6ヶ月から5歳,延長保育
35.192563,136.987407,かなれ原保育園,50,愛知県名古屋市名東区猪子石原二丁目201,775-6635,私立,社会福祉法人,保育所,午前7時00分から午後7時00分,産休あけから2歳,延長保育
NA,NA,星ヶ丘にじ保育園,100,愛知県名古屋市名東区にじが丘3,789-1577,私立,社会福祉法人,保育所,午前7時30分から午後7時30分,産休あけから5歳,延長保育
NA,NA,植園清凉保育園,90,愛知県名古屋市名東区植園町3,788-7171,私立,社会福祉法人,保育所,午前7時00分から午後7時00分,6ヶ月から5歳,延長保育
35.181457,137.016787,アスク名東藤が丘保育園,60,愛知県名古屋市名東区小池町2,726-8052,私立,株式会社,保育所,午前7時30分から午後7時30分,6ヶ月から5歳,延長保育
NA,NA,名古屋市ポピンズ保育室かなれ,15,愛知県名古屋市名東区香南1‐418,778-2107,私立,株式会社,小規模保育事業A型,午前7時30分から午後6時30分,産休あけから2歳,
35.179088,136.980475,名古屋市ポピンズ保育室いのこし,10,愛知県名古屋市名東区平和が丘一丁目70,776-2101,私立,株式会社,小規模保育事業A型,午前7時30分から午後6時30分,産休あけから2歳,
NA,NA,キッズアカデミーこぐま園,15,愛知県名古屋市名東区上社3丁目1807,701-7088,私立,合同会社,小規模保育事業B型,午前7時30分から午後6時30分,産休あけから2歳,
NA,NA,ぴよぴよ社台,12,愛知県名古屋市名東区社台3丁目153,799-8712,私立,株式会社,小規模保育事業A型,午前7時30分から午後6時30分,産休あけから2歳,
NA,NA,ちいさなおうちえんはなのオリーブ,15,愛知県名古屋市名東区宝が丘12,771-5517,私立,株式会社,小規模保育事業A型,午前7時30分から午後6時30分,産休あけから2歳,
NA,NA,小規模保育事業ソラーナほんごう,15,愛知県名古屋市名東区藤森2丁目286,778-8300,私立,社会福祉法人,小規模保育事業A型,午前7時30分から午後6時30分,産休あけから2歳,
35.161436,137.010963,ファミリーズ名東きふね園,19,愛知県名古屋市名東区勢子坊一丁目201,703-1331,私立,株式会社,小規模保育事業B型,午前7時30分から午後6時30分,産休あけから2歳,
35.187631,137.018834,スクルドエンジェル保育室　ふじがおか園,19,愛知県名古屋市名東区富が丘37,772-2225,私立,株式会社,小規模保育事業A型,午前7時30分から午後6時30分,産休あけから2歳,
35.152512,137.010647,スクルドエンジェル保育室　たかばり園,19,愛知県名古屋市名東区新宿二丁目34,701-9070,私立,株式会社,小規模保育事業A型,午前7時30分から午後6時30分,産休あけから2歳,
35.173044,136.993278,わかばコスモ一社園,10,愛知県名古屋市名東区社台一丁目129,760−1003,私立,個人,小規模保育事業B型,午前7時30分から午後6時30分,産休あけから2歳,
35.15493,137.018361,わかばコスモ極楽園,19,愛知県名古屋市名東区極楽四丁目1404,709-3122,私立,個人,小規模保育事業B型,午前7時30分から午後6時30分,産休あけから2歳,
35.180094,137.002479,かるがもハウス,19,愛知県名古屋市名東区猪高台二丁目1201,,私立,社会福祉法人,小規模保育事業A型,午前7時30分から午後6時30分,6ヶ月から2歳,
35.168266,136.991272,とまと保育室,5,愛知県名古屋市名東区高社一丁目16,726-5282,私立,個人,家庭的保育事業,午前7時30分から午後6時30分,産休あけから2歳,
35.163337,137.018208,ぱんだ保育室,5,愛知県名古屋市名東区勢子坊二丁目1408,710-4650,私立,個人,家庭的保育事業,午前7時30分から午後6時30分,産休あけから2歳,
35.110015,136.9867,島田第一保育園,120,愛知県名古屋市天白区高坂町93,801-6255,公立,名古屋市,保育所,午前7時30分から午後7時30分,産休あけから5歳,延長保育,子育て支援センター,入所予約,休日保育
35.111746,137.00341,上ノ池保育園,100,愛知県名古屋市天白区平針南一丁目114,801-9388,公立,名古屋市,保育所,午前7時30分から午後7時30分,6ヶ月から5歳,延長保育
35.111395,136.990017,島田第二保育園,120,愛知県名古屋市天白区大根町57,802-5277,公立,名古屋市,保育所,午前7時30分から午後6時30分,6ヶ月から5歳,
35.119827,136.994571,平針原保育園,100,愛知県名古屋市天白区原五丁目406,803-0144,公立,名古屋市,保育所,午前7時30分から午後7時30分,6ヶ月から5歳,延長保育
35.139374,136.987517,一本松保育園,100,愛知県名古屋市天白区一本松一丁目517,803-3158,公立,名古屋市,保育所,午前7時30分から午後7時30分,6ヶ月から5歳,延長保育
35.109478,136.976339,山根保育園,100,愛知県名古屋市天白区山根町83,803-7148,公立,名古屋市,保育所,午前7時30分から午後7時30分,6ヶ月から5歳,延長保育
35.106276,136.985965,高坂こども園,135,愛知県名古屋市天白区高坂町74,804-0010,私立,社会福祉法人,幼保連携型認定こども園,午前7時15分から午後7時15分,6ヶ月から5歳,延長保育
35.133012,136.993833,名古屋植田ケ丘こども園,119,愛知県名古屋市天白区植田本町二丁目1310,801-7581,私立,社会福祉法人,幼保連携型認定こども園,午前7時00分から午後7時00分,産休あけから5歳,延長保育,子育て支援センター,入所予約
35.132758,136.988016,保育所型認定こども園植田にじの花保育園,99,愛知県名古屋市天白区元植田二丁目1602,893-7815,私立,社会福祉法人,保育所型認定こども園,午前7時00分から午後7時00分,産休あけから5歳,延長保育
35.110019,136.958912,野並保育園,302,愛知県名古屋市天白区福池二丁目340,895-5225,私立,社会福祉法人,保育所,午前7時15分から午後7時15分,産休あけから5歳,延長保育,入所予約
35.124976,137.002743,めばえ保育園,110,愛知県名古屋市天白区平針一丁目1808,802-2188,私立,社会福祉法人,保育所,午前7時15分から午後7時15分,産休あけから5歳,延長保育,子育て支援センター,入所予約
35.121081,136.97576,天白保育園,259,愛知県名古屋市天白区島田三丁目110,801-0433,私立,社会福祉法人,保育所,午前7時15分から午後7時15分,6ヶ月から5歳,延長保育,一時保育
35.120374,137.005864,平針保育園,180,愛知県名古屋市天白区平針四丁目1711,803-5519,私立,社会福祉法人,保育所,午前7時00分から午後6時15分,1歳6ヶ月から5歳,
35.114146,136.985277,シャーローム保育園,110,愛知県名古屋市天白区土原二丁目209,803-0200,私立,社会福祉法人,保育所,午前7時15分から午後7時15分,産休あけから5歳,入所予約,延長保育
35.129862,136.967641,音聞山保育園,380,愛知県名古屋市天白区音聞山1613,832-6455,私立,宗教法人,保育所,午前7時00分から午後7時00分,産休あけから5歳,延長保育,子育て支援センター,入所予約
35.146943,136.990394,いぶき保育園,66,愛知県名古屋市天白区植田山三丁目1007,789-0551,私立,社会福祉法人,保育所,午前7時00分から午後7時00分,産休あけから5歳,延長保育,一時保育
NA,NA,みゆき山保育園,50,愛知県名古屋市天白区元八事四丁目235,838-6146,私立,社会福祉法人,保育所,午前7時00分から午後7時00分,産休あけから2歳,延長保育,入所予約
35.120946,136.999671,あおぞら保育園,60,愛知県名古屋市天白区中平一丁目1902,802-9873,私立,社会福祉法人,保育所,午前7時15分から午後7時15分,産休あけから5歳,延長保育,一時保育
NA,NA,にじの花保育園,60,愛知県名古屋市天白区鴻の巣二丁目119,680-8744,私立,社会福祉法人,保育所,午前7時00分から午後7時00分,産休あけから5歳,延長保育
35.131845,136.988661,リーゴ植田保育園,60,愛知県名古屋市天白区植田二丁目109,838-7818,私立,一般財団法人,保育所,午前7時30分から午後7時30分,産休明けから3歳,延長保育
35.12072,136.99005,しらほ原保育園,80,愛知県名古屋市天白区原三丁目1108,842-9458,私立,社会福祉法人,保育所,午前7時15分から午後7時15分,産休明けから5歳,延長保育
35.117045,136.982725,土原の丘保育園,60,愛知県名古屋市天白区土原二丁目154,893-7200,私立,社会福祉法人,保育所,午前7時00分から午後7時00分,産休明けから5歳,延長保育
35.128027,137.000659,アスク平針北保育園,60,愛知県名古屋市天白区平針一丁目113,800-1017,私立,株式会社,保育所,午前7時30分から午後7時30分,6ヶ月から5歳,延長保育
35.135749,136.962963,オリーブの実保育園,60,愛知県名古屋市天白区八事天道301,834-3700,私立,社会福祉法人,保育所,午前7時30分から午後7時30分,産休明けから5歳,延長保育
NA,NA,キッズガーデン植田東,60,愛知県名古屋市天白区植田東二丁目610,802-0888,私立,株式会社,保育所,午前7時00分から午後7時00分,6ヶ月から5歳,延長保育
35.123826,136.972294,マミーベア保育園やごとひがし,26,愛知県名古屋市天白区道明町22,832-1222,私立,株式会社,保育所,午前7時30分から午後6時30分,産休あけから3歳,
NA,NA,名古屋市ポピンズ保育室植田,10,愛知県名古屋市天白区植田2丁目107,806-2101,私立,株式会社,小規模保育事業A型,午前7時30分から午後6時30分,産休あけから2歳,
NA,NA,小規模保育所　なのはな,10,愛知県名古屋市天白区福池二丁目363,895-5225,私立,社会福祉法人,小規模保育事業A型,午前7時15分から午後7時15分,産休あけから2歳,
35.10993,136.98955,島田子供の家,19,愛知県名古屋市天白区高坂町340,802-5255,私立,個人,小規模保育事業A型,午前7時30分から午後6時30分,産休あけから2歳,
35.125248,136.998535,ラベンダー原保育室,19,愛知県名古屋市天白区原一丁目1705,740-1238,私立,株式会社,小規模保育事業B型,午前7時30分から午後6時30分,産休あけから2歳,
35.106421,136.996147,健生くまのこ園,19,愛知県名古屋市天白区高島一丁目1804,848-6767,私立,株式会社,小規模保育事業B型,午前7時30分から午後6時30分,産休あけから2歳,
35.112598,136.9759,まつぼっくり保育室,5,愛知県名古屋市天白区西入町80,838-6444,私立,個人,家庭的保育事業,午前7時30分から午後6時30分,産休あけから2歳,
35.120088,136.969642,おりーぶ保育室,5,愛知県名古屋市天白区保呂町1013,217-1371,私立,個人,家庭的保育事業,午前7時30分から午後6時30分,産休あけから2歳,
35.117096,137.003001,くろーばー保育室,5,愛知県名古屋市天白区向が丘一丁目1301,680-7449,私立,個人,家庭的保育事業,午前7時30分から午後6時30分,産休あけから2歳,
